--------------------------------------------------------
--  DDL for Table CATEGORIES
--------------------------------------------------------

  CREATE TABLE "SUPERMARKET"."CATEGORIES" 
   (	"ID" NUMBER(*,0), 
	"NAME" NVARCHAR2(100), 
	"DESCRIPTION" NVARCHAR2(200)
   ) SEGMENT CREATION IMMEDIATE 
  PCTFREE 10 PCTUSED 40 INITRANS 1 MAXTRANS 255 NOCOMPRESS LOGGING
  STORAGE(INITIAL 65536 NEXT 1048576 MINEXTENTS 1 MAXEXTENTS 2147483645
  PCTINCREASE 0 FREELISTS 1 FREELIST GROUPS 1 BUFFER_POOL DEFAULT FLASH_CACHE DEFAULT CELL_FLASH_CACHE DEFAULT)
  TABLESPACE "USERS" ;
--------------------------------------------------------
--  DDL for Table CUSTOMERS
--------------------------------------------------------

  CREATE TABLE "SUPERMARKET"."CUSTOMERS" 
   (	"ID" NUMBER(*,0), 
	"NAME" NVARCHAR2(100), 
	"ADDRESS" NVARCHAR2(100), 
	"PHONE" NVARCHAR2(20)
   ) SEGMENT CREATION IMMEDIATE 
  PCTFREE 10 PCTUSED 40 INITRANS 1 MAXTRANS 255 NOCOMPRESS LOGGING
  STORAGE(INITIAL 65536 NEXT 1048576 MINEXTENTS 1 MAXEXTENTS 2147483645
  PCTINCREASE 0 FREELISTS 1 FREELIST GROUPS 1 BUFFER_POOL DEFAULT FLASH_CACHE DEFAULT CELL_FLASH_CACHE DEFAULT)
  TABLESPACE "USERS" ;
--------------------------------------------------------
--  DDL for Table MEASURES
--------------------------------------------------------

  CREATE TABLE "SUPERMARKET"."MEASURES" 
   (	"ID" NUMBER(*,0), 
	"NAME" NVARCHAR2(50)
   ) SEGMENT CREATION IMMEDIATE 
  PCTFREE 10 PCTUSED 40 INITRANS 1 MAXTRANS 255 NOCOMPRESS LOGGING
  STORAGE(INITIAL 65536 NEXT 1048576 MINEXTENTS 1 MAXEXTENTS 2147483645
  PCTINCREASE 0 FREELISTS 1 FREELIST GROUPS 1 BUFFER_POOL DEFAULT FLASH_CACHE DEFAULT CELL_FLASH_CACHE DEFAULT)
  TABLESPACE "USERS" ;
--------------------------------------------------------
--  DDL for Table ORDERS
--------------------------------------------------------

  CREATE TABLE "SUPERMARKET"."ORDERS" 
   (	"ID" NUMBER(*,0), 
	"QUANTITY" NUMBER(*,0), 
	"PRODUCT_ID" NUMBER(*,0), 
	"DISCOUNT" NUMBER(*,0), 
	"CUSTOMER_ID" NUMBER, 
	"ORDER_DATE" DATE
   ) SEGMENT CREATION IMMEDIATE 
  PCTFREE 10 PCTUSED 40 INITRANS 1 MAXTRANS 255 NOCOMPRESS LOGGING
  STORAGE(INITIAL 65536 NEXT 1048576 MINEXTENTS 1 MAXEXTENTS 2147483645
  PCTINCREASE 0 FREELISTS 1 FREELIST GROUPS 1 BUFFER_POOL DEFAULT FLASH_CACHE DEFAULT CELL_FLASH_CACHE DEFAULT)
  TABLESPACE "USERS" ;
--------------------------------------------------------
--  DDL for Table PRODUCTS
--------------------------------------------------------

  CREATE TABLE "SUPERMARKET"."PRODUCTS" 
   (	"ID" NUMBER(*,0), 
	"NAME" NVARCHAR2(100), 
	"PRICE" NUMBER(*,0), 
	"SUPPLIER_ID" NUMBER(*,0), 
	"CATEGORY_ID" NUMBER(*,0), 
	"MEASURE_ID" NUMBER(*,0)
   ) SEGMENT CREATION IMMEDIATE 
  PCTFREE 10 PCTUSED 40 INITRANS 1 MAXTRANS 255 NOCOMPRESS LOGGING
  STORAGE(INITIAL 65536 NEXT 1048576 MINEXTENTS 1 MAXEXTENTS 2147483645
  PCTINCREASE 0 FREELISTS 1 FREELIST GROUPS 1 BUFFER_POOL DEFAULT FLASH_CACHE DEFAULT CELL_FLASH_CACHE DEFAULT)
  TABLESPACE "USERS" ;
--------------------------------------------------------
--  DDL for Table SUPPLIERS
--------------------------------------------------------

  CREATE TABLE "SUPERMARKET"."SUPPLIERS" 
   (	"ID" NUMBER(*,0), 
	"NAME" NVARCHAR2(100), 
	"ADDRESS" NVARCHAR2(100), 
	"PHONE" NVARCHAR2(20)
   ) SEGMENT CREATION IMMEDIATE 
  PCTFREE 10 PCTUSED 40 INITRANS 1 MAXTRANS 255 NOCOMPRESS LOGGING
  STORAGE(INITIAL 65536 NEXT 1048576 MINEXTENTS 1 MAXEXTENTS 2147483645
  PCTINCREASE 0 FREELISTS 1 FREELIST GROUPS 1 BUFFER_POOL DEFAULT FLASH_CACHE DEFAULT CELL_FLASH_CACHE DEFAULT)
  TABLESPACE "USERS" ;
REM INSERTING into SUPERMARKET.CATEGORIES
SET DEFINE OFF;
Insert into SUPERMARKET.CATEGORIES (ID,NAME,DESCRIPTION) values (1,'Beverages','Soft drinks, coffees, teas, beers, and ales');
Insert into SUPERMARKET.CATEGORIES (ID,NAME,DESCRIPTION) values (2,'Condiments','Sweet and savory sauces, relishes, spreads, and se');
Insert into SUPERMARKET.CATEGORIES (ID,NAME,DESCRIPTION) values (3,'Confections','Desserts, candies, and sweet breads');
Insert into SUPERMARKET.CATEGORIES (ID,NAME,DESCRIPTION) values (4,'Dairy Products','Cheeses');
Insert into SUPERMARKET.CATEGORIES (ID,NAME,DESCRIPTION) values (5,'Grains/Cereals','Breads, crackers, pasta, and cereal');
Insert into SUPERMARKET.CATEGORIES (ID,NAME,DESCRIPTION) values (6,'Meat/Poultry','Prepared meats');
Insert into SUPERMARKET.CATEGORIES (ID,NAME,DESCRIPTION) values (7,'Produce','Dried fruit and bean curd');
Insert into SUPERMARKET.CATEGORIES (ID,NAME,DESCRIPTION) values (8,'Seafood','Seaweed and fish');
REM INSERTING into SUPERMARKET.CUSTOMERS
SET DEFINE OFF;
Insert into SUPERMARKET.CUSTOMERS (ID,NAME,ADDRESS,PHONE) values (1,'Maria Anders','Obere Str. 57','030-0074321');
Insert into SUPERMARKET.CUSTOMERS (ID,NAME,ADDRESS,PHONE) values (2,'Ana Trujillo','Avda. de la Constituci?n 2222','(5) 555-4729');
Insert into SUPERMARKET.CUSTOMERS (ID,NAME,ADDRESS,PHONE) values (3,'Antonio Moreno','Mataderos  2312','(5) 555-3932');
Insert into SUPERMARKET.CUSTOMERS (ID,NAME,ADDRESS,PHONE) values (4,'Thomas Hardy','120 Hanover Sq.','(171) 555-7788');
Insert into SUPERMARKET.CUSTOMERS (ID,NAME,ADDRESS,PHONE) values (5,'Christina Berglund','Berguvsv?gen  8','0921-12 34 65');
Insert into SUPERMARKET.CUSTOMERS (ID,NAME,ADDRESS,PHONE) values (6,'Hanna Moos','Forsterstr. 57','0621-08460');
Insert into SUPERMARKET.CUSTOMERS (ID,NAME,ADDRESS,PHONE) values (7,'Fr?d?rique Citeaux','24, place Kl?ber','88.60.15.31');
Insert into SUPERMARKET.CUSTOMERS (ID,NAME,ADDRESS,PHONE) values (8,'Mart?n Sommer','C/ Araquil, 67','(91) 555 22 82');
Insert into SUPERMARKET.CUSTOMERS (ID,NAME,ADDRESS,PHONE) values (9,'Laurence Lebihan','12, rue des Bouchers','91.24.45.40');
Insert into SUPERMARKET.CUSTOMERS (ID,NAME,ADDRESS,PHONE) values (10,'Elizabeth Lincoln','23 Tsawassen Blvd.','(604) 555-4729');
Insert into SUPERMARKET.CUSTOMERS (ID,NAME,ADDRESS,PHONE) values (11,'Victoria Ashworth','Fauntleroy Circus','(171) 555-1212');
Insert into SUPERMARKET.CUSTOMERS (ID,NAME,ADDRESS,PHONE) values (12,'Patricio Simpson','Cerrito 333','(1) 135-5555');
Insert into SUPERMARKET.CUSTOMERS (ID,NAME,ADDRESS,PHONE) values (13,'Francisco Chang','Sierras de Granada 9993','(5) 555-3392');
Insert into SUPERMARKET.CUSTOMERS (ID,NAME,ADDRESS,PHONE) values (14,'Yang Wang','Hauptstr. 29','0452-076545');
Insert into SUPERMARKET.CUSTOMERS (ID,NAME,ADDRESS,PHONE) values (15,'Pedro Afonso','Av. dos Lus?adas, 23','(11) 555-7647');
Insert into SUPERMARKET.CUSTOMERS (ID,NAME,ADDRESS,PHONE) values (16,'Elizabeth Brown','Berkeley Gardens 12  Brewery','(171) 555-2282');
Insert into SUPERMARKET.CUSTOMERS (ID,NAME,ADDRESS,PHONE) values (17,'Sven Ottlieb','Walserweg 21','0241-039123');
Insert into SUPERMARKET.CUSTOMERS (ID,NAME,ADDRESS,PHONE) values (18,'Janine Labrune','67, rue des Cinquante Otages','40.67.88.88');
Insert into SUPERMARKET.CUSTOMERS (ID,NAME,ADDRESS,PHONE) values (19,'Ann Devon','35 King George','(171) 555-0297');
Insert into SUPERMARKET.CUSTOMERS (ID,NAME,ADDRESS,PHONE) values (20,'Roland Mendel','Kirchgasse 6','7675-3425');
Insert into SUPERMARKET.CUSTOMERS (ID,NAME,ADDRESS,PHONE) values (21,'Aria Cruz','Rua Or?s, 92','(11) 555-9857');
Insert into SUPERMARKET.CUSTOMERS (ID,NAME,ADDRESS,PHONE) values (22,'Diego Roel','C/ Moralzarzal, 86','(91) 555 94 44');
Insert into SUPERMARKET.CUSTOMERS (ID,NAME,ADDRESS,PHONE) values (23,'Martine Ranc?','184, chauss?e de Tournai','20.16.10.16');
Insert into SUPERMARKET.CUSTOMERS (ID,NAME,ADDRESS,PHONE) values (24,'Maria Larsson','?kergatan 24','0695-34 67 21');
Insert into SUPERMARKET.CUSTOMERS (ID,NAME,ADDRESS,PHONE) values (25,'Peter Franken','Berliner Platz 43','089-0877310');
Insert into SUPERMARKET.CUSTOMERS (ID,NAME,ADDRESS,PHONE) values (26,'Carine Schmitt','54, rue Royale','40.32.21.21');
Insert into SUPERMARKET.CUSTOMERS (ID,NAME,ADDRESS,PHONE) values (27,'Paolo Accorti','Via Monte Bianco 34','011-4988260');
Insert into SUPERMARKET.CUSTOMERS (ID,NAME,ADDRESS,PHONE) values (28,'Lino Rodriguez','Jardim das rosas n. 32','(1) 354-2534');
Insert into SUPERMARKET.CUSTOMERS (ID,NAME,ADDRESS,PHONE) values (29,'Eduardo Saavedra','Rambla de Catalu?a, 23','(93) 203 4560');
Insert into SUPERMARKET.CUSTOMERS (ID,NAME,ADDRESS,PHONE) values (30,'Jos? Pedro Freyre','C/ Romero, 33','(95) 555 82 82');
Insert into SUPERMARKET.CUSTOMERS (ID,NAME,ADDRESS,PHONE) values (31,'Andr? Fonseca','Av. Brasil, 442','(11) 555-9482');
Insert into SUPERMARKET.CUSTOMERS (ID,NAME,ADDRESS,PHONE) values (32,'Howard Snyder','2732 Baker Blvd.','(503) 555-7555');
Insert into SUPERMARKET.CUSTOMERS (ID,NAME,ADDRESS,PHONE) values (33,'Manuel Pereira','5? Ave. Los Palos Grandes','(2) 283-2951');
Insert into SUPERMARKET.CUSTOMERS (ID,NAME,ADDRESS,PHONE) values (34,'Mario Pontes','Rua do Pa?o, 67','(21) 555-0091');
Insert into SUPERMARKET.CUSTOMERS (ID,NAME,ADDRESS,PHONE) values (35,'Carlos Hern?ndez','Carrera 22 con Ave. Carlos Soublette #8-35','(5) 555-1340');
Insert into SUPERMARKET.CUSTOMERS (ID,NAME,ADDRESS,PHONE) values (36,'Yoshi Latimer','City Center Plaza 516 Main St.','(503) 555-6874');
Insert into SUPERMARKET.CUSTOMERS (ID,NAME,ADDRESS,PHONE) values (37,'Patricia McKenna','8 Johnstown Road','2967 542');
Insert into SUPERMARKET.CUSTOMERS (ID,NAME,ADDRESS,PHONE) values (38,'Helen Bennett','Garden House Crowther Way','(198) 555-8888');
Insert into SUPERMARKET.CUSTOMERS (ID,NAME,ADDRESS,PHONE) values (39,'Philip Cramer','Maubelstr. 90','0555-09876');
Insert into SUPERMARKET.CUSTOMERS (ID,NAME,ADDRESS,PHONE) values (40,'Daniel Tonini','67, avenue de Europe','30.59.84.10');
Insert into SUPERMARKET.CUSTOMERS (ID,NAME,ADDRESS,PHONE) values (41,'Annette Roulet','1 rue Alsace-Lorraine','61.77.61.10');
Insert into SUPERMARKET.CUSTOMERS (ID,NAME,ADDRESS,PHONE) values (42,'Yoshi Tannamuri','1900 Oak St.','(604) 555-3392');
Insert into SUPERMARKET.CUSTOMERS (ID,NAME,ADDRESS,PHONE) values (43,'John Steel','12 Orchestra Terrace','(509) 555-7969');
Insert into SUPERMARKET.CUSTOMERS (ID,NAME,ADDRESS,PHONE) values (44,'Renate Messner','Magazinweg 7','069-0245984');
Insert into SUPERMARKET.CUSTOMERS (ID,NAME,ADDRESS,PHONE) values (45,'Jaime Yorres','87 Polk St. Suite 5','(415) 555-5938');
Insert into SUPERMARKET.CUSTOMERS (ID,NAME,ADDRESS,PHONE) values (46,'Carlos Gonz?lez','Carrera 52 con Ave. Bol?var #65-98 Llano Largo','(9) 331-6954');
Insert into SUPERMARKET.CUSTOMERS (ID,NAME,ADDRESS,PHONE) values (47,'Felipe Izquierdo','Ave. 5 de Mayo Porlamar','(8) 34-56-12');
Insert into SUPERMARKET.CUSTOMERS (ID,NAME,ADDRESS,PHONE) values (48,'Fran Wilson','89 Chiaroscuro Rd.','(503) 555-9573');
Insert into SUPERMARKET.CUSTOMERS (ID,NAME,ADDRESS,PHONE) values (49,'Giovanni Rovelli','Via Ludovico il Moro 22','035-640230');
Insert into SUPERMARKET.CUSTOMERS (ID,NAME,ADDRESS,PHONE) values (50,'Catherine Dewey','Rue Joseph-Bens 532','(02) 201 24 67');
Insert into SUPERMARKET.CUSTOMERS (ID,NAME,ADDRESS,PHONE) values (51,'Jean Fresni?re','43 rue St. Laurent','(514) 555-8054');
Insert into SUPERMARKET.CUSTOMERS (ID,NAME,ADDRESS,PHONE) values (52,'Alexander Feuer','Heerstr. 22','0342-023176');
Insert into SUPERMARKET.CUSTOMERS (ID,NAME,ADDRESS,PHONE) values (53,'Simon Crowther','South House 300 Queensbridge','(171) 555-7733');
Insert into SUPERMARKET.CUSTOMERS (ID,NAME,ADDRESS,PHONE) values (54,'Yvonne Moncada','Ing. Gustavo Moncada 8585 Piso 20-A','(1) 135-5333');
Insert into SUPERMARKET.CUSTOMERS (ID,NAME,ADDRESS,PHONE) values (55,'Rene Phillips','2743 Bering St.','(907) 555-7584');
Insert into SUPERMARKET.CUSTOMERS (ID,NAME,ADDRESS,PHONE) values (56,'Henriette Pfalzheim','Mehrheimerstr. 369','0221-0644327');
Insert into SUPERMARKET.CUSTOMERS (ID,NAME,ADDRESS,PHONE) values (57,'Marie Bertrand','265, boulevard Charonne','(1) 42.34.22.66');
Insert into SUPERMARKET.CUSTOMERS (ID,NAME,ADDRESS,PHONE) values (58,'Guillermo Fern?ndez','Calle Dr. Jorge Cash 321','(5) 552-3745');
Insert into SUPERMARKET.CUSTOMERS (ID,NAME,ADDRESS,PHONE) values (59,'Georg Pipps','Geislweg 14','6562-9722');
Insert into SUPERMARKET.CUSTOMERS (ID,NAME,ADDRESS,PHONE) values (60,'Isabel de Castro','Estrada da sa?de n. 58','(1) 356-5634');
Insert into SUPERMARKET.CUSTOMERS (ID,NAME,ADDRESS,PHONE) values (61,'Bernardo Batista','Rua da Panificadora, 12','(21) 555-4252');
Insert into SUPERMARKET.CUSTOMERS (ID,NAME,ADDRESS,PHONE) values (62,'L?cia Carvalho','Alameda dos Can?rios, 891','(11) 555-1189');
Insert into SUPERMARKET.CUSTOMERS (ID,NAME,ADDRESS,PHONE) values (63,'Horst Kloss','Taucherstra?e 10','0372-035188');
Insert into SUPERMARKET.CUSTOMERS (ID,NAME,ADDRESS,PHONE) values (64,'Sergio Guti?rrez','Av. del Libertador 900','(1) 123-5555');
Insert into SUPERMARKET.CUSTOMERS (ID,NAME,ADDRESS,PHONE) values (65,'Paula Wilson','2817 Milton Dr.','(505) 555-5939');
Insert into SUPERMARKET.CUSTOMERS (ID,NAME,ADDRESS,PHONE) values (66,'Maurizio Moroni','Strada Provinciale 124','0522-556721');
Insert into SUPERMARKET.CUSTOMERS (ID,NAME,ADDRESS,PHONE) values (67,'Janete Limeira','Av. Copacabana, 267','(21) 555-3412');
Insert into SUPERMARKET.CUSTOMERS (ID,NAME,ADDRESS,PHONE) values (68,'Michael Holz','Grenzacherweg 237','0897-034214');
Insert into SUPERMARKET.CUSTOMERS (ID,NAME,ADDRESS,PHONE) values (69,'Alejandra Camino','Gran V?a, 1','(91) 745 6200');
Insert into SUPERMARKET.CUSTOMERS (ID,NAME,ADDRESS,PHONE) values (70,'Jonas Bergulfsen','Erling Skakkes gate 78','07-98 92 35');
Insert into SUPERMARKET.CUSTOMERS (ID,NAME,ADDRESS,PHONE) values (71,'Jose Pavarotti','187 Suffolk Ln.','(208) 555-8097');
Insert into SUPERMARKET.CUSTOMERS (ID,NAME,ADDRESS,PHONE) values (72,'Hari Kumar','90 Wadhurst Rd.','(171) 555-1717');
Insert into SUPERMARKET.CUSTOMERS (ID,NAME,ADDRESS,PHONE) values (73,'Jytte Petersen','Vinb?ltet 34','31 12 34 56');
Insert into SUPERMARKET.CUSTOMERS (ID,NAME,ADDRESS,PHONE) values (74,'Dominique Perrier','25, rue Lauriston','(1) 47.55.60.10');
Insert into SUPERMARKET.CUSTOMERS (ID,NAME,ADDRESS,PHONE) values (75,'Art Braunschweiger','P.O. Box 555','(307) 555-4680');
Insert into SUPERMARKET.CUSTOMERS (ID,NAME,ADDRESS,PHONE) values (76,'Pascale Cartrain','Boulevard Tirou, 255','(071) 23 67 22 20');
Insert into SUPERMARKET.CUSTOMERS (ID,NAME,ADDRESS,PHONE) values (77,'Liz Nixon','89 Jefferson Way Suite 2','(503) 555-3612');
Insert into SUPERMARKET.CUSTOMERS (ID,NAME,ADDRESS,PHONE) values (78,'Liu Wong','55 Grizzly Peak Rd.','(406) 555-5834');
Insert into SUPERMARKET.CUSTOMERS (ID,NAME,ADDRESS,PHONE) values (79,'Karin Josephs','Luisenstr. 48','0251-031259');
Insert into SUPERMARKET.CUSTOMERS (ID,NAME,ADDRESS,PHONE) values (80,'Miguel Angel Paolino','Avda. Azteca 123','(5) 555-2933');
Insert into SUPERMARKET.CUSTOMERS (ID,NAME,ADDRESS,PHONE) values (81,'Anabela Domingues','Av. In?s de Castro, 414','(11) 555-2167');
Insert into SUPERMARKET.CUSTOMERS (ID,NAME,ADDRESS,PHONE) values (82,'Helvetius Nagy','722 DaVinci Blvd.','(206) 555-8257');
Insert into SUPERMARKET.CUSTOMERS (ID,NAME,ADDRESS,PHONE) values (83,'Palle Ibsen','Smagsloget 45','86 21 32 43');
Insert into SUPERMARKET.CUSTOMERS (ID,NAME,ADDRESS,PHONE) values (84,'Mary Saveley','2, rue du Commerce','78.32.54.86');
Insert into SUPERMARKET.CUSTOMERS (ID,NAME,ADDRESS,PHONE) values (85,'Paul Henriot','59 rue de Abbaye','26.47.15.10');
Insert into SUPERMARKET.CUSTOMERS (ID,NAME,ADDRESS,PHONE) values (86,'Rita M?ller','Adenauerallee 900','0711-020361');
Insert into SUPERMARKET.CUSTOMERS (ID,NAME,ADDRESS,PHONE) values (87,'Pirkko Koskitalo','Torikatu 38','981-443655');
Insert into SUPERMARKET.CUSTOMERS (ID,NAME,ADDRESS,PHONE) values (88,'Paula Parente','Rua do Mercado, 12','(14) 555-8122');
Insert into SUPERMARKET.CUSTOMERS (ID,NAME,ADDRESS,PHONE) values (89,'Karl Jablonski','305 - 14th Ave. S. Suite 3B','(206) 555-4112');
Insert into SUPERMARKET.CUSTOMERS (ID,NAME,ADDRESS,PHONE) values (90,'Matti Karttunen','Keskuskatu 45','90-224 8858');
Insert into SUPERMARKET.CUSTOMERS (ID,NAME,ADDRESS,PHONE) values (91,'Zbyszek Piestrzeniewicz','ul. Filtrowa 68','(26) 642-7012');
REM INSERTING into SUPERMARKET.MEASURES
SET DEFINE OFF;
Insert into SUPERMARKET.MEASURES (ID,NAME) values (1,'kg.');
Insert into SUPERMARKET.MEASURES (ID,NAME) values (2,'liter');
Insert into SUPERMARKET.MEASURES (ID,NAME) values (3,'gram');
Insert into SUPERMARKET.MEASURES (ID,NAME) values (4,'pieces');
REM INSERTING into SUPERMARKET.ORDERS
SET DEFINE OFF;
Insert into SUPERMARKET.ORDERS (ID,QUANTITY,PRODUCT_ID,DISCOUNT,CUSTOMER_ID,ORDER_DATE) values (1,22,8,0,1,to_date('2015-07-26','RRRR-MM-DD'));
Insert into SUPERMARKET.ORDERS (ID,QUANTITY,PRODUCT_ID,DISCOUNT,CUSTOMER_ID,ORDER_DATE) values (2,9,16,0,2,to_date('2015-07-26','RRRR-MM-DD'));
Insert into SUPERMARKET.ORDERS (ID,QUANTITY,PRODUCT_ID,DISCOUNT,CUSTOMER_ID,ORDER_DATE) values (3,8,15,0,3,to_date('2015-07-26','RRRR-MM-DD'));
Insert into SUPERMARKET.ORDERS (ID,QUANTITY,PRODUCT_ID,DISCOUNT,CUSTOMER_ID,ORDER_DATE) values (4,7,10,0,4,to_date('2015-07-26','RRRR-MM-DD'));
Insert into SUPERMARKET.ORDERS (ID,QUANTITY,PRODUCT_ID,DISCOUNT,CUSTOMER_ID,ORDER_DATE) values (5,15,8,0,5,to_date('2015-07-26','RRRR-MM-DD'));
Insert into SUPERMARKET.ORDERS (ID,QUANTITY,PRODUCT_ID,DISCOUNT,CUSTOMER_ID,ORDER_DATE) values (6,20,7,0,6,to_date('2015-07-25','RRRR-MM-DD'));
Insert into SUPERMARKET.ORDERS (ID,QUANTITY,PRODUCT_ID,DISCOUNT,CUSTOMER_ID,ORDER_DATE) values (7,11,18,0,8,to_date('2015-07-25','RRRR-MM-DD'));
Insert into SUPERMARKET.ORDERS (ID,QUANTITY,PRODUCT_ID,DISCOUNT,CUSTOMER_ID,ORDER_DATE) values (8,20,15,0,5,to_date('2015-07-25','RRRR-MM-DD'));
Insert into SUPERMARKET.ORDERS (ID,QUANTITY,PRODUCT_ID,DISCOUNT,CUSTOMER_ID,ORDER_DATE) values (9,8,13,0,8,to_date('2015-07-25','RRRR-MM-DD'));
Insert into SUPERMARKET.ORDERS (ID,QUANTITY,PRODUCT_ID,DISCOUNT,CUSTOMER_ID,ORDER_DATE) values (10,20,11,0,12,to_date('2015-07-25','RRRR-MM-DD'));
Insert into SUPERMARKET.ORDERS (ID,QUANTITY,PRODUCT_ID,DISCOUNT,CUSTOMER_ID,ORDER_DATE) values (11,15,15,0,12,to_date('2015-07-15','RRRR-MM-DD'));
Insert into SUPERMARKET.ORDERS (ID,QUANTITY,PRODUCT_ID,DISCOUNT,CUSTOMER_ID,ORDER_DATE) values (12,10,2,0,2,to_date('2015-07-15','RRRR-MM-DD'));
Insert into SUPERMARKET.ORDERS (ID,QUANTITY,PRODUCT_ID,DISCOUNT,CUSTOMER_ID,ORDER_DATE) values (13,8,1,0,2,to_date('2015-07-15','RRRR-MM-DD'));
Insert into SUPERMARKET.ORDERS (ID,QUANTITY,PRODUCT_ID,DISCOUNT,CUSTOMER_ID,ORDER_DATE) values (14,40,3,0,3,to_date('2015-07-15','RRRR-MM-DD'));
Insert into SUPERMARKET.ORDERS (ID,QUANTITY,PRODUCT_ID,DISCOUNT,CUSTOMER_ID,ORDER_DATE) values (15,22,6,0,3,to_date('2015-07-15','RRRR-MM-DD'));
Insert into SUPERMARKET.ORDERS (ID,QUANTITY,PRODUCT_ID,DISCOUNT,CUSTOMER_ID,ORDER_DATE) values (16,130,7,0,3,to_date('2015-07-16','RRRR-MM-DD'));
Insert into SUPERMARKET.ORDERS (ID,QUANTITY,PRODUCT_ID,DISCOUNT,CUSTOMER_ID,ORDER_DATE) values (17,10,8,0,4,to_date('2015-07-16','RRRR-MM-DD'));
Insert into SUPERMARKET.ORDERS (ID,QUANTITY,PRODUCT_ID,DISCOUNT,CUSTOMER_ID,ORDER_DATE) values (18,20,9,0,5,to_date('2015-07-16','RRRR-MM-DD'));
Insert into SUPERMARKET.ORDERS (ID,QUANTITY,PRODUCT_ID,DISCOUNT,CUSTOMER_ID,ORDER_DATE) values (19,14,10,0,5,to_date('2015-07-16','RRRR-MM-DD'));
Insert into SUPERMARKET.ORDERS (ID,QUANTITY,PRODUCT_ID,DISCOUNT,CUSTOMER_ID,ORDER_DATE) values (20,2,11,0,5,to_date('2015-07-16','RRRR-MM-DD'));
Insert into SUPERMARKET.ORDERS (ID,QUANTITY,PRODUCT_ID,DISCOUNT,CUSTOMER_ID,ORDER_DATE) values (21,20,12,0,8,to_date('2015-07-16','RRRR-MM-DD'));
Insert into SUPERMARKET.ORDERS (ID,QUANTITY,PRODUCT_ID,DISCOUNT,CUSTOMER_ID,ORDER_DATE) values (22,20,13,0,8,to_date('2015-07-16','RRRR-MM-DD'));
Insert into SUPERMARKET.ORDERS (ID,QUANTITY,PRODUCT_ID,DISCOUNT,CUSTOMER_ID,ORDER_DATE) values (23,10,14,0,8,to_date('2015-07-16','RRRR-MM-DD'));
Insert into SUPERMARKET.ORDERS (ID,QUANTITY,PRODUCT_ID,DISCOUNT,CUSTOMER_ID,ORDER_DATE) values (24,24,16,0,8,to_date('2015-07-16','RRRR-MM-DD'));
Insert into SUPERMARKET.ORDERS (ID,QUANTITY,PRODUCT_ID,DISCOUNT,CUSTOMER_ID,ORDER_DATE) values (25,4,17,0,4,to_date('2015-07-16','RRRR-MM-DD'));
Insert into SUPERMARKET.ORDERS (ID,QUANTITY,PRODUCT_ID,DISCOUNT,CUSTOMER_ID,ORDER_DATE) values (26,1,13,0,4,to_date('2015-07-16','RRRR-MM-DD'));
Insert into SUPERMARKET.ORDERS (ID,QUANTITY,PRODUCT_ID,DISCOUNT,CUSTOMER_ID,ORDER_DATE) values (27,1,11,0,4,to_date('2015-07-16','RRRR-MM-DD'));
Insert into SUPERMARKET.ORDERS (ID,QUANTITY,PRODUCT_ID,DISCOUNT,CUSTOMER_ID,ORDER_DATE) values (28,1,8,0,7,to_date('2015-07-16','RRRR-MM-DD'));
Insert into SUPERMARKET.ORDERS (ID,QUANTITY,PRODUCT_ID,DISCOUNT,CUSTOMER_ID,ORDER_DATE) values (29,2,9,0,4,to_date('2015-07-16','RRRR-MM-DD'));
Insert into SUPERMARKET.ORDERS (ID,QUANTITY,PRODUCT_ID,DISCOUNT,CUSTOMER_ID,ORDER_DATE) values (30,1,11,0,4,to_date('2015-07-16','RRRR-MM-DD'));
Insert into SUPERMARKET.ORDERS (ID,QUANTITY,PRODUCT_ID,DISCOUNT,CUSTOMER_ID,ORDER_DATE) values (31,2,15,0,8,to_date('2015-07-16','RRRR-MM-DD'));
Insert into SUPERMARKET.ORDERS (ID,QUANTITY,PRODUCT_ID,DISCOUNT,CUSTOMER_ID,ORDER_DATE) values (32,4,16,0,7,to_date('2015-07-16','RRRR-MM-DD'));
Insert into SUPERMARKET.ORDERS (ID,QUANTITY,PRODUCT_ID,DISCOUNT,CUSTOMER_ID,ORDER_DATE) values (33,1,19,0,4,to_date('2015-07-16','RRRR-MM-DD'));
Insert into SUPERMARKET.ORDERS (ID,QUANTITY,PRODUCT_ID,DISCOUNT,CUSTOMER_ID,ORDER_DATE) values (34,2,15,0,9,to_date('2015-07-16','RRRR-MM-DD'));
Insert into SUPERMARKET.ORDERS (ID,QUANTITY,PRODUCT_ID,DISCOUNT,CUSTOMER_ID,ORDER_DATE) values (35,1,14,0,9,to_date('2015-07-16','RRRR-MM-DD'));
Insert into SUPERMARKET.ORDERS (ID,QUANTITY,PRODUCT_ID,DISCOUNT,CUSTOMER_ID,ORDER_DATE) values (36,2,12,0,9,to_date('2015-07-22','RRRR-MM-DD'));
Insert into SUPERMARKET.ORDERS (ID,QUANTITY,PRODUCT_ID,DISCOUNT,CUSTOMER_ID,ORDER_DATE) values (37,1,5,0,9,to_date('2015-07-22','RRRR-MM-DD'));
Insert into SUPERMARKET.ORDERS (ID,QUANTITY,PRODUCT_ID,DISCOUNT,CUSTOMER_ID,ORDER_DATE) values (38,2,5,0,9,to_date('2015-07-22','RRRR-MM-DD'));
Insert into SUPERMARKET.ORDERS (ID,QUANTITY,PRODUCT_ID,DISCOUNT,CUSTOMER_ID,ORDER_DATE) values (39,3,7,0,7,to_date('2015-07-22','RRRR-MM-DD'));
Insert into SUPERMARKET.ORDERS (ID,QUANTITY,PRODUCT_ID,DISCOUNT,CUSTOMER_ID,ORDER_DATE) values (40,3,8,0,12,to_date('2015-07-22','RRRR-MM-DD'));
Insert into SUPERMARKET.ORDERS (ID,QUANTITY,PRODUCT_ID,DISCOUNT,CUSTOMER_ID,ORDER_DATE) values (41,2,9,0,2,to_date('2015-07-22','RRRR-MM-DD'));
Insert into SUPERMARKET.ORDERS (ID,QUANTITY,PRODUCT_ID,DISCOUNT,CUSTOMER_ID,ORDER_DATE) values (42,2,10,0,11,to_date('2015-07-22','RRRR-MM-DD'));
Insert into SUPERMARKET.ORDERS (ID,QUANTITY,PRODUCT_ID,DISCOUNT,CUSTOMER_ID,ORDER_DATE) values (43,2,13,0,8,to_date('2015-07-22','RRRR-MM-DD'));
Insert into SUPERMARKET.ORDERS (ID,QUANTITY,PRODUCT_ID,DISCOUNT,CUSTOMER_ID,ORDER_DATE) values (44,2,16,0,6,to_date('2015-07-22','RRRR-MM-DD'));
REM INSERTING into SUPERMARKET.PRODUCTS
SET DEFINE OFF;
Insert into SUPERMARKET.PRODUCTS (ID,NAME,PRICE,SUPPLIER_ID,CATEGORY_ID,MEASURE_ID) values (1,'Chai',18,5,1,4);
Insert into SUPERMARKET.PRODUCTS (ID,NAME,PRICE,SUPPLIER_ID,CATEGORY_ID,MEASURE_ID) values (2,'Chang',19,5,1,4);
Insert into SUPERMARKET.PRODUCTS (ID,NAME,PRICE,SUPPLIER_ID,CATEGORY_ID,MEASURE_ID) values (3,'Aniseed Syrup',10,6,2,4);
Insert into SUPERMARKET.PRODUCTS (ID,NAME,PRICE,SUPPLIER_ID,CATEGORY_ID,MEASURE_ID) values (4,'Chef Anton''s Cajun Seasoning',22,6,2,4);
Insert into SUPERMARKET.PRODUCTS (ID,NAME,PRICE,SUPPLIER_ID,CATEGORY_ID,MEASURE_ID) values (5,'Chef Anton''s Gumbo Mix',21,7,2,4);
Insert into SUPERMARKET.PRODUCTS (ID,NAME,PRICE,SUPPLIER_ID,CATEGORY_ID,MEASURE_ID) values (6,'Grandma''s Boysenberry Spread',25,7,2,4);
Insert into SUPERMARKET.PRODUCTS (ID,NAME,PRICE,SUPPLIER_ID,CATEGORY_ID,MEASURE_ID) values (7,'Uncle Bob''s Organic Dried Pears',30,7,7,4);
Insert into SUPERMARKET.PRODUCTS (ID,NAME,PRICE,SUPPLIER_ID,CATEGORY_ID,MEASURE_ID) values (8,'Northwoods Cranberry Sauce',40,8,2,4);
Insert into SUPERMARKET.PRODUCTS (ID,NAME,PRICE,SUPPLIER_ID,CATEGORY_ID,MEASURE_ID) values (9,'Mishi Kobe Niku',97,8,6,4);
Insert into SUPERMARKET.PRODUCTS (ID,NAME,PRICE,SUPPLIER_ID,CATEGORY_ID,MEASURE_ID) values (10,'Ikura',31,8,8,4);
Insert into SUPERMARKET.PRODUCTS (ID,NAME,PRICE,SUPPLIER_ID,CATEGORY_ID,MEASURE_ID) values (11,'Konbu',6,9,8,4);
Insert into SUPERMARKET.PRODUCTS (ID,NAME,PRICE,SUPPLIER_ID,CATEGORY_ID,MEASURE_ID) values (12,'Tofu',23,9,7,4);
Insert into SUPERMARKET.PRODUCTS (ID,NAME,PRICE,SUPPLIER_ID,CATEGORY_ID,MEASURE_ID) values (13,'Genen Shouyu',16,9,2,4);
Insert into SUPERMARKET.PRODUCTS (ID,NAME,PRICE,SUPPLIER_ID,CATEGORY_ID,MEASURE_ID) values (14,'Pavlova',17,9,3,4);
Insert into SUPERMARKET.PRODUCTS (ID,NAME,PRICE,SUPPLIER_ID,CATEGORY_ID,MEASURE_ID) values (15,'Alice Mutton',39,12,6,4);
Insert into SUPERMARKET.PRODUCTS (ID,NAME,PRICE,SUPPLIER_ID,CATEGORY_ID,MEASURE_ID) values (16,'Carnarvon Tigers',63,12,5,4);
Insert into SUPERMARKET.PRODUCTS (ID,NAME,PRICE,SUPPLIER_ID,CATEGORY_ID,MEASURE_ID) values (17,'Teatime Chocolate Biscuits',9,15,3,4);
Insert into SUPERMARKET.PRODUCTS (ID,NAME,PRICE,SUPPLIER_ID,CATEGORY_ID,MEASURE_ID) values (18,'Sir Rodney''s Marmalade',81,15,3,4);
Insert into SUPERMARKET.PRODUCTS (ID,NAME,PRICE,SUPPLIER_ID,CATEGORY_ID,MEASURE_ID) values (19,'Sir Rodney''s Scones',10,16,3,4);
REM INSERTING into SUPERMARKET.SUPPLIERS
SET DEFINE OFF;
Insert into SUPERMARKET.SUPPLIERS (ID,NAME,ADDRESS,PHONE) values (1,'Bigfoot Breweries','3400 - 8th Avenue Suite 210','(503) 555-9931');
Insert into SUPERMARKET.SUPPLIERS (ID,NAME,ADDRESS,PHONE) values (2,'Svensk Sj?f?da AB','Brovallav?gen 231','08-123 45 67');
Insert into SUPERMARKET.SUPPLIERS (ID,NAME,ADDRESS,PHONE) values (3,'Aux joyeux eccl?siastiques','203, Rue des Francs-Bourgeois','(1) 03.83.00.68');
Insert into SUPERMARKET.SUPPLIERS (ID,NAME,ADDRESS,PHONE) values (4,'New England Seafood Cannery','Order Processing Dept. 2100 Paul Revere Blvd.','(617) 555-3267');
Insert into SUPERMARKET.SUPPLIERS (ID,NAME,ADDRESS,PHONE) values (5,'Plutzer Lebensmittelgro?m?rkte AG','Bogenallee 51','(069) 992755');
Insert into SUPERMARKET.SUPPLIERS (ID,NAME,ADDRESS,PHONE) values (6,'Nord-Ost-Fisch Handelsgesellschaft mbH','Frahmredder 112a','(04721) 8713');
Insert into SUPERMARKET.SUPPLIERS (ID,NAME,ADDRESS,PHONE) values (7,'Formaggi Fortini s.r.l.','Viale Dante, 75','(0544) 60323');
Insert into SUPERMARKET.SUPPLIERS (ID,NAME,ADDRESS,PHONE) values (8,'Exotic Liquids','49 Gilbert St.','(171) 555-2222');
Insert into SUPERMARKET.SUPPLIERS (ID,NAME,ADDRESS,PHONE) values (9,'New Orleans Cajun Delights','P.O. Box 78934','(100) 555-4822');
Insert into SUPERMARKET.SUPPLIERS (ID,NAME,ADDRESS,PHONE) values (10,'Grandma Kelly''s Homestead','707 Oxford Rd.','(313) 555-5735');
Insert into SUPERMARKET.SUPPLIERS (ID,NAME,ADDRESS,PHONE) values (11,'Tokyo Traders','9-8 Sekimai Musashino-shi','(03) 3555-5011');
Insert into SUPERMARKET.SUPPLIERS (ID,NAME,ADDRESS,PHONE) values (12,'Mayumi''s','92 Setsuko Chuo-ku','(06) 431-7877');
Insert into SUPERMARKET.SUPPLIERS (ID,NAME,ADDRESS,PHONE) values (13,'Pavlova, Ltd.','74 Rose St. Moonie Ponds','(03) 444-2343');
Insert into SUPERMARKET.SUPPLIERS (ID,NAME,ADDRESS,PHONE) values (14,'Specialty Biscuits, Ltd.','29 King''s Way','(161) 555-4448');
Insert into SUPERMARKET.SUPPLIERS (ID,NAME,ADDRESS,PHONE) values (15,'Refrescos Americanas LTDA','Av. das Americanas','(11) 555 4640');
Insert into SUPERMARKET.SUPPLIERS (ID,NAME,ADDRESS,PHONE) values (16,'Leka Trading','471 Serangoon Loop, Suite #402','555-8787');
Insert into SUPERMARKET.SUPPLIERS (ID,NAME,ADDRESS,PHONE) values (17,'Lyngbysild','Lyngbysild Fiskebakken 10','43844108');
Insert into SUPERMARKET.SUPPLIERS (ID,NAME,ADDRESS,PHONE) values (18,'Zaanse Snoepfabriek','Verkoop Rijnweg 22','(12345) 1212');
Insert into SUPERMARKET.SUPPLIERS (ID,NAME,ADDRESS,PHONE) values (19,'Karkki Oy','Valtakatu 12','(953) 10956');
Insert into SUPERMARKET.SUPPLIERS (ID,NAME,ADDRESS,PHONE) values (20,'G''day, Mate','170 Prince Edward Parade Hunter''s Hill','(02) 555-5914');
Insert into SUPERMARKET.SUPPLIERS (ID,NAME,ADDRESS,PHONE) values (21,'Ma Maison','2960 Rue St. Laurent','(514) 555-9022');
Insert into SUPERMARKET.SUPPLIERS (ID,NAME,ADDRESS,PHONE) values (22,'Pasta Buttini s.r.l.','Via dei Gelsomini, 153','(089) 6547665');
Insert into SUPERMARKET.SUPPLIERS (ID,NAME,ADDRESS,PHONE) values (23,'Escargots Nouveaux','22, rue H. Voiron','85.57.00.07');
Insert into SUPERMARKET.SUPPLIERS (ID,NAME,ADDRESS,PHONE) values (24,'Gai p?turage','Bat. B 3, rue des Alpes','38.76.98.06');
Insert into SUPERMARKET.SUPPLIERS (ID,NAME,ADDRESS,PHONE) values (25,'For?ts d''?rables','148 rue Chasseur','(514) 555-2955');
Insert into SUPERMARKET.SUPPLIERS (ID,NAME,ADDRESS,PHONE) values (26,'Norske Meierier','Hatlevegen 5','(0)2-953010');
--------------------------------------------------------
--  DDL for Index CATEGORIES_PK
--------------------------------------------------------

  CREATE UNIQUE INDEX "SUPERMARKET"."CATEGORIES_PK" ON "SUPERMARKET"."CATEGORIES" ("ID") 
  PCTFREE 10 INITRANS 2 MAXTRANS 255 COMPUTE STATISTICS 
  STORAGE(INITIAL 65536 NEXT 1048576 MINEXTENTS 1 MAXEXTENTS 2147483645
  PCTINCREASE 0 FREELISTS 1 FREELIST GROUPS 1 BUFFER_POOL DEFAULT FLASH_CACHE DEFAULT CELL_FLASH_CACHE DEFAULT)
  TABLESPACE "USERS" ;
--------------------------------------------------------
--  DDL for Index CUSTOMERS_PK
--------------------------------------------------------

  CREATE UNIQUE INDEX "SUPERMARKET"."CUSTOMERS_PK" ON "SUPERMARKET"."CUSTOMERS" ("ID") 
  PCTFREE 10 INITRANS 2 MAXTRANS 255 COMPUTE STATISTICS 
  STORAGE(INITIAL 65536 NEXT 1048576 MINEXTENTS 1 MAXEXTENTS 2147483645
  PCTINCREASE 0 FREELISTS 1 FREELIST GROUPS 1 BUFFER_POOL DEFAULT FLASH_CACHE DEFAULT CELL_FLASH_CACHE DEFAULT)
  TABLESPACE "USERS" ;
--------------------------------------------------------
--  DDL for Index MEASURES_PK
--------------------------------------------------------

  CREATE UNIQUE INDEX "SUPERMARKET"."MEASURES_PK" ON "SUPERMARKET"."MEASURES" ("ID") 
  PCTFREE 10 INITRANS 2 MAXTRANS 255 COMPUTE STATISTICS 
  STORAGE(INITIAL 65536 NEXT 1048576 MINEXTENTS 1 MAXEXTENTS 2147483645
  PCTINCREASE 0 FREELISTS 1 FREELIST GROUPS 1 BUFFER_POOL DEFAULT FLASH_CACHE DEFAULT CELL_FLASH_CACHE DEFAULT)
  TABLESPACE "USERS" ;
--------------------------------------------------------
--  DDL for Index ORDERS_PK
--------------------------------------------------------

  CREATE UNIQUE INDEX "SUPERMARKET"."ORDERS_PK" ON "SUPERMARKET"."ORDERS" ("ID") 
  PCTFREE 10 INITRANS 2 MAXTRANS 255 COMPUTE STATISTICS 
  STORAGE(INITIAL 65536 NEXT 1048576 MINEXTENTS 1 MAXEXTENTS 2147483645
  PCTINCREASE 0 FREELISTS 1 FREELIST GROUPS 1 BUFFER_POOL DEFAULT FLASH_CACHE DEFAULT CELL_FLASH_CACHE DEFAULT)
  TABLESPACE "USERS" ;
--------------------------------------------------------
--  DDL for Index PRODUCTS_PK
--------------------------------------------------------

  CREATE UNIQUE INDEX "SUPERMARKET"."PRODUCTS_PK" ON "SUPERMARKET"."PRODUCTS" ("ID") 
  PCTFREE 10 INITRANS 2 MAXTRANS 255 COMPUTE STATISTICS 
  STORAGE(INITIAL 65536 NEXT 1048576 MINEXTENTS 1 MAXEXTENTS 2147483645
  PCTINCREASE 0 FREELISTS 1 FREELIST GROUPS 1 BUFFER_POOL DEFAULT FLASH_CACHE DEFAULT CELL_FLASH_CACHE DEFAULT)
  TABLESPACE "USERS" ;
--------------------------------------------------------
--  DDL for Index SUPPLIERS_PK
--------------------------------------------------------

  CREATE UNIQUE INDEX "SUPERMARKET"."SUPPLIERS_PK" ON "SUPERMARKET"."SUPPLIERS" ("ID") 
  PCTFREE 10 INITRANS 2 MAXTRANS 255 COMPUTE STATISTICS 
  STORAGE(INITIAL 65536 NEXT 1048576 MINEXTENTS 1 MAXEXTENTS 2147483645
  PCTINCREASE 0 FREELISTS 1 FREELIST GROUPS 1 BUFFER_POOL DEFAULT FLASH_CACHE DEFAULT CELL_FLASH_CACHE DEFAULT)
  TABLESPACE "USERS" ;
--------------------------------------------------------
--  Constraints for Table CATEGORIES
--------------------------------------------------------

  ALTER TABLE "SUPERMARKET"."CATEGORIES" MODIFY ("ID" NOT NULL ENABLE);
  ALTER TABLE "SUPERMARKET"."CATEGORIES" ADD CONSTRAINT "CATEGORIES_PK" PRIMARY KEY ("ID")
  USING INDEX PCTFREE 10 INITRANS 2 MAXTRANS 255 COMPUTE STATISTICS 
  STORAGE(INITIAL 65536 NEXT 1048576 MINEXTENTS 1 MAXEXTENTS 2147483645
  PCTINCREASE 0 FREELISTS 1 FREELIST GROUPS 1 BUFFER_POOL DEFAULT FLASH_CACHE DEFAULT CELL_FLASH_CACHE DEFAULT)
  TABLESPACE "USERS"  ENABLE;
  ALTER TABLE "SUPERMARKET"."CATEGORIES" MODIFY ("NAME" NOT NULL ENABLE);
--------------------------------------------------------
--  Constraints for Table CUSTOMERS
--------------------------------------------------------

  ALTER TABLE "SUPERMARKET"."CUSTOMERS" MODIFY ("ID" NOT NULL ENABLE);
  ALTER TABLE "SUPERMARKET"."CUSTOMERS" MODIFY ("NAME" NOT NULL ENABLE);
  ALTER TABLE "SUPERMARKET"."CUSTOMERS" MODIFY ("ADDRESS" NOT NULL ENABLE);
  ALTER TABLE "SUPERMARKET"."CUSTOMERS" MODIFY ("PHONE" NOT NULL ENABLE);
  ALTER TABLE "SUPERMARKET"."CUSTOMERS" ADD CONSTRAINT "CUSTOMERS_PK" PRIMARY KEY ("ID")
  USING INDEX PCTFREE 10 INITRANS 2 MAXTRANS 255 COMPUTE STATISTICS 
  STORAGE(INITIAL 65536 NEXT 1048576 MINEXTENTS 1 MAXEXTENTS 2147483645
  PCTINCREASE 0 FREELISTS 1 FREELIST GROUPS 1 BUFFER_POOL DEFAULT FLASH_CACHE DEFAULT CELL_FLASH_CACHE DEFAULT)
  TABLESPACE "USERS"  ENABLE;
--------------------------------------------------------
--  Constraints for Table MEASURES
--------------------------------------------------------

  ALTER TABLE "SUPERMARKET"."MEASURES" MODIFY ("ID" NOT NULL ENABLE);
  ALTER TABLE "SUPERMARKET"."MEASURES" MODIFY ("NAME" NOT NULL ENABLE);
  ALTER TABLE "SUPERMARKET"."MEASURES" ADD CONSTRAINT "MEASURES_PK" PRIMARY KEY ("ID")
  USING INDEX PCTFREE 10 INITRANS 2 MAXTRANS 255 COMPUTE STATISTICS 
  STORAGE(INITIAL 65536 NEXT 1048576 MINEXTENTS 1 MAXEXTENTS 2147483645
  PCTINCREASE 0 FREELISTS 1 FREELIST GROUPS 1 BUFFER_POOL DEFAULT FLASH_CACHE DEFAULT CELL_FLASH_CACHE DEFAULT)
  TABLESPACE "USERS"  ENABLE;
--------------------------------------------------------
--  Constraints for Table ORDERS
--------------------------------------------------------

  ALTER TABLE "SUPERMARKET"."ORDERS" ADD CONSTRAINT "ORDERS_PK" PRIMARY KEY ("ID")
  USING INDEX PCTFREE 10 INITRANS 2 MAXTRANS 255 COMPUTE STATISTICS 
  STORAGE(INITIAL 65536 NEXT 1048576 MINEXTENTS 1 MAXEXTENTS 2147483645
  PCTINCREASE 0 FREELISTS 1 FREELIST GROUPS 1 BUFFER_POOL DEFAULT FLASH_CACHE DEFAULT CELL_FLASH_CACHE DEFAULT)
  TABLESPACE "USERS"  ENABLE;
  ALTER TABLE "SUPERMARKET"."ORDERS" MODIFY ("PRODUCT_ID" NOT NULL ENABLE);
  ALTER TABLE "SUPERMARKET"."ORDERS" MODIFY ("QUANTITY" NOT NULL ENABLE);
  ALTER TABLE "SUPERMARKET"."ORDERS" MODIFY ("ID" NOT NULL ENABLE);
  ALTER TABLE "SUPERMARKET"."ORDERS" MODIFY ("DISCOUNT" NOT NULL ENABLE);
--------------------------------------------------------
--  Constraints for Table PRODUCTS
--------------------------------------------------------

  ALTER TABLE "SUPERMARKET"."PRODUCTS" MODIFY ("ID" NOT NULL ENABLE);
  ALTER TABLE "SUPERMARKET"."PRODUCTS" MODIFY ("NAME" NOT NULL ENABLE);
  ALTER TABLE "SUPERMARKET"."PRODUCTS" MODIFY ("PRICE" NOT NULL ENABLE);
  ALTER TABLE "SUPERMARKET"."PRODUCTS" MODIFY ("SUPPLIER_ID" NOT NULL ENABLE);
  ALTER TABLE "SUPERMARKET"."PRODUCTS" MODIFY ("CATEGORY_ID" NOT NULL ENABLE);
  ALTER TABLE "SUPERMARKET"."PRODUCTS" MODIFY ("MEASURE_ID" NOT NULL ENABLE);
  ALTER TABLE "SUPERMARKET"."PRODUCTS" ADD CONSTRAINT "PRODUCTS_PK" PRIMARY KEY ("ID")
  USING INDEX PCTFREE 10 INITRANS 2 MAXTRANS 255 COMPUTE STATISTICS 
  STORAGE(INITIAL 65536 NEXT 1048576 MINEXTENTS 1 MAXEXTENTS 2147483645
  PCTINCREASE 0 FREELISTS 1 FREELIST GROUPS 1 BUFFER_POOL DEFAULT FLASH_CACHE DEFAULT CELL_FLASH_CACHE DEFAULT)
  TABLESPACE "USERS"  ENABLE;
--------------------------------------------------------
--  Constraints for Table SUPPLIERS
--------------------------------------------------------

  ALTER TABLE "SUPERMARKET"."SUPPLIERS" MODIFY ("ID" NOT NULL ENABLE);
  ALTER TABLE "SUPERMARKET"."SUPPLIERS" MODIFY ("NAME" NOT NULL ENABLE);
  ALTER TABLE "SUPERMARKET"."SUPPLIERS" MODIFY ("ADDRESS" NOT NULL ENABLE);
  ALTER TABLE "SUPERMARKET"."SUPPLIERS" MODIFY ("PHONE" NOT NULL ENABLE);
  ALTER TABLE "SUPERMARKET"."SUPPLIERS" ADD CONSTRAINT "SUPPLIERS_PK" PRIMARY KEY ("ID")
  USING INDEX PCTFREE 10 INITRANS 2 MAXTRANS 255 COMPUTE STATISTICS 
  STORAGE(INITIAL 65536 NEXT 1048576 MINEXTENTS 1 MAXEXTENTS 2147483645
  PCTINCREASE 0 FREELISTS 1 FREELIST GROUPS 1 BUFFER_POOL DEFAULT FLASH_CACHE DEFAULT CELL_FLASH_CACHE DEFAULT)
  TABLESPACE "USERS"  ENABLE;
--------------------------------------------------------
--  Ref Constraints for Table PRODUCTS
--------------------------------------------------------

  ALTER TABLE "SUPERMARKET"."PRODUCTS" ADD CONSTRAINT "FK_PRODUCTS_CATEGORIES" FOREIGN KEY ("CATEGORY_ID")
	  REFERENCES "SUPERMARKET"."CATEGORIES" ("ID") ENABLE;
  ALTER TABLE "SUPERMARKET"."PRODUCTS" ADD CONSTRAINT "FK_PRODUCTS_MEASURES" FOREIGN KEY ("MEASURE_ID")
	  REFERENCES "SUPERMARKET"."MEASURES" ("ID") ENABLE;
  ALTER TABLE "SUPERMARKET"."PRODUCTS" ADD CONSTRAINT "FK_PRODUCTS_SUPPLIERS" FOREIGN KEY ("SUPPLIER_ID")
	  REFERENCES "SUPERMARKET"."SUPPLIERS" ("ID") ENABLE;
--------------------------------------------------------
--  DDL for Trigger CATEGORIES_TRG1
--------------------------------------------------------

  CREATE OR REPLACE TRIGGER "SUPERMARKET"."CATEGORIES_TRG1" 
BEFORE INSERT ON CATEGORIES 
FOR EACH ROW 
BEGIN
  <<COLUMN_SEQUENCES>>
  BEGIN
    IF INSERTING AND :NEW.ID IS NULL THEN
      SELECT CATEGORIES_SEQ1.NEXTVAL INTO :NEW.ID FROM SYS.DUAL;
    END IF;
  END COLUMN_SEQUENCES;
END;
/
ALTER TRIGGER "SUPERMARKET"."CATEGORIES_TRG1" ENABLE;
--------------------------------------------------------
--  DDL for Trigger CATEGORIES_TRG
--------------------------------------------------------

  CREATE OR REPLACE TRIGGER "SUPERMARKET"."CATEGORIES_TRG" 
BEFORE INSERT ON CATEGORIES 
FOR EACH ROW 
BEGIN
  <<COLUMN_SEQUENCES>>
  BEGIN
    NULL;
  END COLUMN_SEQUENCES;
END;
/
ALTER TRIGGER "SUPERMARKET"."CATEGORIES_TRG" ENABLE;
--------------------------------------------------------
--  DDL for Trigger CUSTOMERS_TRG
--------------------------------------------------------

  CREATE OR REPLACE TRIGGER "SUPERMARKET"."CUSTOMERS_TRG" 
BEFORE INSERT ON CUSTOMERS 
FOR EACH ROW 
BEGIN
  <<COLUMN_SEQUENCES>>
  BEGIN
    IF INSERTING AND :NEW.ID IS NULL THEN
      SELECT CUSTOMERS_SEQ.NEXTVAL INTO :NEW.ID FROM SYS.DUAL;
    END IF;
  END COLUMN_SEQUENCES;
END;
/
ALTER TRIGGER "SUPERMARKET"."CUSTOMERS_TRG" ENABLE;
--------------------------------------------------------
--  DDL for Trigger MEASURES_TRG
--------------------------------------------------------

  CREATE OR REPLACE TRIGGER "SUPERMARKET"."MEASURES_TRG" 
BEFORE INSERT ON MEASURES 
FOR EACH ROW 
BEGIN
  <<COLUMN_SEQUENCES>>
  BEGIN
    IF INSERTING AND :NEW.ID IS NULL THEN
      SELECT MEASURES_SEQ.NEXTVAL INTO :NEW.ID FROM SYS.DUAL;
    END IF;
  END COLUMN_SEQUENCES;
END;
/
ALTER TRIGGER "SUPERMARKET"."MEASURES_TRG" ENABLE;
--------------------------------------------------------
--  DDL for Trigger ORDERS_TRG
--------------------------------------------------------

  CREATE OR REPLACE TRIGGER "SUPERMARKET"."ORDERS_TRG" 
BEFORE INSERT ON ORDERS 
FOR EACH ROW 
BEGIN
  <<COLUMN_SEQUENCES>>
  BEGIN
    NULL;
  END COLUMN_SEQUENCES;
END;
/
ALTER TRIGGER "SUPERMARKET"."ORDERS_TRG" ENABLE;
--------------------------------------------------------
--  DDL for Trigger ORDERS_TRG1
--------------------------------------------------------

  CREATE OR REPLACE TRIGGER "SUPERMARKET"."ORDERS_TRG1" 
BEFORE INSERT ON ORDERS 
FOR EACH ROW 
BEGIN
  <<COLUMN_SEQUENCES>>
  BEGIN
    NULL;
  END COLUMN_SEQUENCES;
END;
/
ALTER TRIGGER "SUPERMARKET"."ORDERS_TRG1" ENABLE;
--------------------------------------------------------
--  DDL for Trigger PRODUCTS_TRG
--------------------------------------------------------

  CREATE OR REPLACE TRIGGER "SUPERMARKET"."PRODUCTS_TRG" 
BEFORE INSERT ON PRODUCTS 
FOR EACH ROW 
BEGIN
  <<COLUMN_SEQUENCES>>
  BEGIN
    IF INSERTING AND :NEW.ID IS NULL THEN
      SELECT PRODUCTS_SEQ1.NEXTVAL INTO :NEW.ID FROM SYS.DUAL;
    END IF;
  END COLUMN_SEQUENCES;
END;
/
ALTER TRIGGER "SUPERMARKET"."PRODUCTS_TRG" ENABLE;
--------------------------------------------------------
--  DDL for Trigger SUPPLIERS_TRG
--------------------------------------------------------

  CREATE OR REPLACE TRIGGER "SUPERMARKET"."SUPPLIERS_TRG" 
BEFORE INSERT ON SUPPLIERS 
FOR EACH ROW 
BEGIN
  <<COLUMN_SEQUENCES>>
  BEGIN
    NULL;
  END COLUMN_SEQUENCES;
END;
/
ALTER TRIGGER "SUPERMARKET"."SUPPLIERS_TRG" ENABLE;
--------------------------------------------------------
--  DDL for Trigger SUPPLIERS_TRG1
--------------------------------------------------------

  CREATE OR REPLACE TRIGGER "SUPERMARKET"."SUPPLIERS_TRG1" 
BEFORE INSERT ON SUPPLIERS 
FOR EACH ROW 
BEGIN
  <<COLUMN_SEQUENCES>>
  BEGIN
    IF INSERTING AND :NEW.ID IS NULL THEN
      SELECT SUPPLIERS_SEQ1.NEXTVAL INTO :NEW.ID FROM SYS.DUAL;
    END IF;
  END COLUMN_SEQUENCES;
END;
/
ALTER TRIGGER "SUPERMARKET"."SUPPLIERS_TRG1" ENABLE;
