--------------------------------------------------------
--  DDL for Table CATEGORIES
--------------------------------------------------------

  CREATE TABLE "SUPERMARKET"."CATEGORIES" 
   (	"ID" NUMBER(*,0), 
	"NAME" NVARCHAR2(100), 
	"DESCRIPTION" NVARCHAR2(200)
   ) SEGMENT CREATION IMMEDIATE 
  PCTFREE 10 PCTUSED 40 INITRANS 1 MAXTRANS 255 NOCOMPRESS LOGGING
  STORAGE(INITIAL 65536 NEXT 1048576 MINEXTENTS 1 MAXEXTENTS 2147483645
  PCTINCREASE 0 FREELISTS 1 FREELIST GROUPS 1 BUFFER_POOL DEFAULT FLASH_CACHE DEFAULT CELL_FLASH_CACHE DEFAULT)
  TABLESPACE "USERS" ;
REM INSERTING into SUPERMARKET.CATEGORIES
SET DEFINE OFF;
Insert into SUPERMARKET.CATEGORIES (ID,NAME,DESCRIPTION) values (2,'Beverages','Soft drinks, coffees, teas, beers, and ales');
Insert into SUPERMARKET.CATEGORIES (ID,NAME,DESCRIPTION) values (3,'Condiments','Sweet and savory sauces, relishes, spreads, and se');
Insert into SUPERMARKET.CATEGORIES (ID,NAME,DESCRIPTION) values (4,'Confections','Desserts, candies, and sweet breads');
Insert into SUPERMARKET.CATEGORIES (ID,NAME,DESCRIPTION) values (5,'Dairy Products','Cheeses');
Insert into SUPERMARKET.CATEGORIES (ID,NAME,DESCRIPTION) values (6,'Grains/Cereals','Breads, crackers, pasta, and cereal');
Insert into SUPERMARKET.CATEGORIES (ID,NAME,DESCRIPTION) values (7,'Meat/Poultry','Prepared meats');
Insert into SUPERMARKET.CATEGORIES (ID,NAME,DESCRIPTION) values (8,'Produce','Dried fruit and bean curd');
Insert into SUPERMARKET.CATEGORIES (ID,NAME,DESCRIPTION) values (9,'Seafood','Seaweed and fish');
--------------------------------------------------------
--  DDL for Index CATEGORIES_PK
--------------------------------------------------------

  CREATE UNIQUE INDEX "SUPERMARKET"."CATEGORIES_PK" ON "SUPERMARKET"."CATEGORIES" ("ID") 
  PCTFREE 10 INITRANS 2 MAXTRANS 255 COMPUTE STATISTICS 
  STORAGE(INITIAL 65536 NEXT 1048576 MINEXTENTS 1 MAXEXTENTS 2147483645
  PCTINCREASE 0 FREELISTS 1 FREELIST GROUPS 1 BUFFER_POOL DEFAULT FLASH_CACHE DEFAULT CELL_FLASH_CACHE DEFAULT)
  TABLESPACE "USERS" ;
--------------------------------------------------------
--  Constraints for Table CATEGORIES
--------------------------------------------------------

  ALTER TABLE "SUPERMARKET"."CATEGORIES" MODIFY ("NAME" NOT NULL ENABLE);
  ALTER TABLE "SUPERMARKET"."CATEGORIES" ADD CONSTRAINT "CATEGORIES_PK" PRIMARY KEY ("ID")
  USING INDEX PCTFREE 10 INITRANS 2 MAXTRANS 255 COMPUTE STATISTICS 
  STORAGE(INITIAL 65536 NEXT 1048576 MINEXTENTS 1 MAXEXTENTS 2147483645
  PCTINCREASE 0 FREELISTS 1 FREELIST GROUPS 1 BUFFER_POOL DEFAULT FLASH_CACHE DEFAULT CELL_FLASH_CACHE DEFAULT)
  TABLESPACE "USERS"  ENABLE;
  ALTER TABLE "SUPERMARKET"."CATEGORIES" MODIFY ("ID" NOT NULL ENABLE);
--------------------------------------------------------
--  DDL for Trigger CATEGORIES_TRG
--------------------------------------------------------

  CREATE OR REPLACE TRIGGER "SUPERMARKET"."CATEGORIES_TRG" 
BEFORE INSERT ON CATEGORIES 
FOR EACH ROW 
BEGIN
  <<COLUMN_SEQUENCES>>
  BEGIN
    NULL;
  END COLUMN_SEQUENCES;
END;
/
ALTER TRIGGER "SUPERMARKET"."CATEGORIES_TRG" ENABLE;
--------------------------------------------------------
--  DDL for Trigger CATEGORIES_TRG1
--------------------------------------------------------

  CREATE OR REPLACE TRIGGER "SUPERMARKET"."CATEGORIES_TRG1" 
BEFORE INSERT ON CATEGORIES 
FOR EACH ROW 
BEGIN
  <<COLUMN_SEQUENCES>>
  BEGIN
    IF INSERTING AND :NEW.ID IS NULL THEN
      SELECT CATEGORIES_SEQ1.NEXTVAL INTO :NEW.ID FROM SYS.DUAL;
    END IF;
  END COLUMN_SEQUENCES;
END;
/
ALTER TRIGGER "SUPERMARKET"."CATEGORIES_TRG1" ENABLE;

--------------------------------------------------------
--  DDL for Table CUSTOMERS
--------------------------------------------------------

  CREATE TABLE "SUPERMARKET"."CUSTOMERS" 
   (	"ID" NUMBER(*,0), 
	"NAME" NVARCHAR2(100), 
	"ADDRESS" NVARCHAR2(100), 
	"PHONE" NVARCHAR2(20)
   ) SEGMENT CREATION IMMEDIATE 
  PCTFREE 10 PCTUSED 40 INITRANS 1 MAXTRANS 255 NOCOMPRESS LOGGING
  STORAGE(INITIAL 65536 NEXT 1048576 MINEXTENTS 1 MAXEXTENTS 2147483645
  PCTINCREASE 0 FREELISTS 1 FREELIST GROUPS 1 BUFFER_POOL DEFAULT FLASH_CACHE DEFAULT CELL_FLASH_CACHE DEFAULT)
  TABLESPACE "USERS" ;
REM INSERTING into SUPERMARKET.CUSTOMERS
SET DEFINE OFF;
Insert into SUPERMARKET.CUSTOMERS (ID,NAME,ADDRESS,PHONE) values (47,'Maria Anders','Obere Str. 57','030-0074321');
Insert into SUPERMARKET.CUSTOMERS (ID,NAME,ADDRESS,PHONE) values (48,'Ana Trujillo','Avda. de la Constituci?n 2222','(5) 555-4729');
Insert into SUPERMARKET.CUSTOMERS (ID,NAME,ADDRESS,PHONE) values (49,'Antonio Moreno','Mataderos  2312','(5) 555-3932');
Insert into SUPERMARKET.CUSTOMERS (ID,NAME,ADDRESS,PHONE) values (50,'Thomas Hardy','120 Hanover Sq.','(171) 555-7788');
Insert into SUPERMARKET.CUSTOMERS (ID,NAME,ADDRESS,PHONE) values (51,'Christina Berglund','Berguvsv?gen  8','0921-12 34 65');
Insert into SUPERMARKET.CUSTOMERS (ID,NAME,ADDRESS,PHONE) values (52,'Hanna Moos','Forsterstr. 57','0621-08460');
Insert into SUPERMARKET.CUSTOMERS (ID,NAME,ADDRESS,PHONE) values (53,'Fr?d?rique Citeaux','24, place Kl?ber','88.60.15.31');
Insert into SUPERMARKET.CUSTOMERS (ID,NAME,ADDRESS,PHONE) values (54,'Mart?n Sommer','C/ Araquil, 67','(91) 555 22 82');
Insert into SUPERMARKET.CUSTOMERS (ID,NAME,ADDRESS,PHONE) values (55,'Laurence Lebihan','12, rue des Bouchers','91.24.45.40');
Insert into SUPERMARKET.CUSTOMERS (ID,NAME,ADDRESS,PHONE) values (56,'Elizabeth Lincoln','23 Tsawassen Blvd.','(604) 555-4729');
Insert into SUPERMARKET.CUSTOMERS (ID,NAME,ADDRESS,PHONE) values (57,'Victoria Ashworth','Fauntleroy Circus','(171) 555-1212');
Insert into SUPERMARKET.CUSTOMERS (ID,NAME,ADDRESS,PHONE) values (58,'Patricio Simpson','Cerrito 333','(1) 135-5555');
Insert into SUPERMARKET.CUSTOMERS (ID,NAME,ADDRESS,PHONE) values (59,'Francisco Chang','Sierras de Granada 9993','(5) 555-3392');
Insert into SUPERMARKET.CUSTOMERS (ID,NAME,ADDRESS,PHONE) values (60,'Yang Wang','Hauptstr. 29','0452-076545');
Insert into SUPERMARKET.CUSTOMERS (ID,NAME,ADDRESS,PHONE) values (61,'Pedro Afonso','Av. dos Lus?adas, 23','(11) 555-7647');
Insert into SUPERMARKET.CUSTOMERS (ID,NAME,ADDRESS,PHONE) values (62,'Elizabeth Brown','Berkeley Gardens 12  Brewery','(171) 555-2282');
Insert into SUPERMARKET.CUSTOMERS (ID,NAME,ADDRESS,PHONE) values (63,'Sven Ottlieb','Walserweg 21','0241-039123');
Insert into SUPERMARKET.CUSTOMERS (ID,NAME,ADDRESS,PHONE) values (64,'Janine Labrune','67, rue des Cinquante Otages','40.67.88.88');
Insert into SUPERMARKET.CUSTOMERS (ID,NAME,ADDRESS,PHONE) values (65,'Ann Devon','35 King George','(171) 555-0297');
Insert into SUPERMARKET.CUSTOMERS (ID,NAME,ADDRESS,PHONE) values (66,'Roland Mendel','Kirchgasse 6','7675-3425');
Insert into SUPERMARKET.CUSTOMERS (ID,NAME,ADDRESS,PHONE) values (67,'Aria Cruz','Rua Or?s, 92','(11) 555-9857');
Insert into SUPERMARKET.CUSTOMERS (ID,NAME,ADDRESS,PHONE) values (68,'Diego Roel','C/ Moralzarzal, 86','(91) 555 94 44');
Insert into SUPERMARKET.CUSTOMERS (ID,NAME,ADDRESS,PHONE) values (69,'Martine Ranc?','184, chauss?e de Tournai','20.16.10.16');
Insert into SUPERMARKET.CUSTOMERS (ID,NAME,ADDRESS,PHONE) values (70,'Maria Larsson','?kergatan 24','0695-34 67 21');
Insert into SUPERMARKET.CUSTOMERS (ID,NAME,ADDRESS,PHONE) values (71,'Peter Franken','Berliner Platz 43','089-0877310');
Insert into SUPERMARKET.CUSTOMERS (ID,NAME,ADDRESS,PHONE) values (72,'Carine Schmitt','54, rue Royale','40.32.21.21');
Insert into SUPERMARKET.CUSTOMERS (ID,NAME,ADDRESS,PHONE) values (73,'Paolo Accorti','Via Monte Bianco 34','011-4988260');
Insert into SUPERMARKET.CUSTOMERS (ID,NAME,ADDRESS,PHONE) values (74,'Lino Rodriguez','Jardim das rosas n. 32','(1) 354-2534');
Insert into SUPERMARKET.CUSTOMERS (ID,NAME,ADDRESS,PHONE) values (75,'Eduardo Saavedra','Rambla de Catalu?a, 23','(93) 203 4560');
Insert into SUPERMARKET.CUSTOMERS (ID,NAME,ADDRESS,PHONE) values (76,'Jos? Pedro Freyre','C/ Romero, 33','(95) 555 82 82');
Insert into SUPERMARKET.CUSTOMERS (ID,NAME,ADDRESS,PHONE) values (77,'Andr? Fonseca','Av. Brasil, 442','(11) 555-9482');
Insert into SUPERMARKET.CUSTOMERS (ID,NAME,ADDRESS,PHONE) values (78,'Howard Snyder','2732 Baker Blvd.','(503) 555-7555');
Insert into SUPERMARKET.CUSTOMERS (ID,NAME,ADDRESS,PHONE) values (79,'Manuel Pereira','5? Ave. Los Palos Grandes','(2) 283-2951');
Insert into SUPERMARKET.CUSTOMERS (ID,NAME,ADDRESS,PHONE) values (80,'Mario Pontes','Rua do Pa?o, 67','(21) 555-0091');
Insert into SUPERMARKET.CUSTOMERS (ID,NAME,ADDRESS,PHONE) values (81,'Carlos Hern?ndez','Carrera 22 con Ave. Carlos Soublette #8-35','(5) 555-1340');
Insert into SUPERMARKET.CUSTOMERS (ID,NAME,ADDRESS,PHONE) values (82,'Yoshi Latimer','City Center Plaza 516 Main St.','(503) 555-6874');
Insert into SUPERMARKET.CUSTOMERS (ID,NAME,ADDRESS,PHONE) values (83,'Patricia McKenna','8 Johnstown Road','2967 542');
Insert into SUPERMARKET.CUSTOMERS (ID,NAME,ADDRESS,PHONE) values (84,'Helen Bennett','Garden House Crowther Way','(198) 555-8888');
Insert into SUPERMARKET.CUSTOMERS (ID,NAME,ADDRESS,PHONE) values (85,'Philip Cramer','Maubelstr. 90','0555-09876');
Insert into SUPERMARKET.CUSTOMERS (ID,NAME,ADDRESS,PHONE) values (86,'Daniel Tonini','67, avenue de Europe','30.59.84.10');
Insert into SUPERMARKET.CUSTOMERS (ID,NAME,ADDRESS,PHONE) values (87,'Annette Roulet','1 rue Alsace-Lorraine','61.77.61.10');
Insert into SUPERMARKET.CUSTOMERS (ID,NAME,ADDRESS,PHONE) values (88,'Yoshi Tannamuri','1900 Oak St.','(604) 555-3392');
Insert into SUPERMARKET.CUSTOMERS (ID,NAME,ADDRESS,PHONE) values (89,'John Steel','12 Orchestra Terrace','(509) 555-7969');
Insert into SUPERMARKET.CUSTOMERS (ID,NAME,ADDRESS,PHONE) values (90,'Renate Messner','Magazinweg 7','069-0245984');
Insert into SUPERMARKET.CUSTOMERS (ID,NAME,ADDRESS,PHONE) values (91,'Jaime Yorres','87 Polk St. Suite 5','(415) 555-5938');
Insert into SUPERMARKET.CUSTOMERS (ID,NAME,ADDRESS,PHONE) values (92,'Carlos Gonz?lez','Carrera 52 con Ave. Bol?var #65-98 Llano Largo','(9) 331-6954');
Insert into SUPERMARKET.CUSTOMERS (ID,NAME,ADDRESS,PHONE) values (93,'Felipe Izquierdo','Ave. 5 de Mayo Porlamar','(8) 34-56-12');
Insert into SUPERMARKET.CUSTOMERS (ID,NAME,ADDRESS,PHONE) values (94,'Fran Wilson','89 Chiaroscuro Rd.','(503) 555-9573');
Insert into SUPERMARKET.CUSTOMERS (ID,NAME,ADDRESS,PHONE) values (95,'Giovanni Rovelli','Via Ludovico il Moro 22','035-640230');
Insert into SUPERMARKET.CUSTOMERS (ID,NAME,ADDRESS,PHONE) values (96,'Catherine Dewey','Rue Joseph-Bens 532','(02) 201 24 67');
Insert into SUPERMARKET.CUSTOMERS (ID,NAME,ADDRESS,PHONE) values (97,'Jean Fresni?re','43 rue St. Laurent','(514) 555-8054');
Insert into SUPERMARKET.CUSTOMERS (ID,NAME,ADDRESS,PHONE) values (98,'Alexander Feuer','Heerstr. 22','0342-023176');
Insert into SUPERMARKET.CUSTOMERS (ID,NAME,ADDRESS,PHONE) values (99,'Simon Crowther','South House 300 Queensbridge','(171) 555-7733');
Insert into SUPERMARKET.CUSTOMERS (ID,NAME,ADDRESS,PHONE) values (100,'Yvonne Moncada','Ing. Gustavo Moncada 8585 Piso 20-A','(1) 135-5333');
Insert into SUPERMARKET.CUSTOMERS (ID,NAME,ADDRESS,PHONE) values (101,'Rene Phillips','2743 Bering St.','(907) 555-7584');
Insert into SUPERMARKET.CUSTOMERS (ID,NAME,ADDRESS,PHONE) values (102,'Henriette Pfalzheim','Mehrheimerstr. 369','0221-0644327');
Insert into SUPERMARKET.CUSTOMERS (ID,NAME,ADDRESS,PHONE) values (103,'Marie Bertrand','265, boulevard Charonne','(1) 42.34.22.66');
Insert into SUPERMARKET.CUSTOMERS (ID,NAME,ADDRESS,PHONE) values (104,'Guillermo Fern?ndez','Calle Dr. Jorge Cash 321','(5) 552-3745');
Insert into SUPERMARKET.CUSTOMERS (ID,NAME,ADDRESS,PHONE) values (105,'Georg Pipps','Geislweg 14','6562-9722');
Insert into SUPERMARKET.CUSTOMERS (ID,NAME,ADDRESS,PHONE) values (106,'Isabel de Castro','Estrada da sa?de n. 58','(1) 356-5634');
Insert into SUPERMARKET.CUSTOMERS (ID,NAME,ADDRESS,PHONE) values (107,'Bernardo Batista','Rua da Panificadora, 12','(21) 555-4252');
Insert into SUPERMARKET.CUSTOMERS (ID,NAME,ADDRESS,PHONE) values (108,'L?cia Carvalho','Alameda dos Can?rios, 891','(11) 555-1189');
Insert into SUPERMARKET.CUSTOMERS (ID,NAME,ADDRESS,PHONE) values (109,'Horst Kloss','Taucherstra?e 10','0372-035188');
Insert into SUPERMARKET.CUSTOMERS (ID,NAME,ADDRESS,PHONE) values (110,'Sergio Guti?rrez','Av. del Libertador 900','(1) 123-5555');
Insert into SUPERMARKET.CUSTOMERS (ID,NAME,ADDRESS,PHONE) values (111,'Paula Wilson','2817 Milton Dr.','(505) 555-5939');
Insert into SUPERMARKET.CUSTOMERS (ID,NAME,ADDRESS,PHONE) values (112,'Maurizio Moroni','Strada Provinciale 124','0522-556721');
Insert into SUPERMARKET.CUSTOMERS (ID,NAME,ADDRESS,PHONE) values (113,'Janete Limeira','Av. Copacabana, 267','(21) 555-3412');
Insert into SUPERMARKET.CUSTOMERS (ID,NAME,ADDRESS,PHONE) values (114,'Michael Holz','Grenzacherweg 237','0897-034214');
Insert into SUPERMARKET.CUSTOMERS (ID,NAME,ADDRESS,PHONE) values (115,'Alejandra Camino','Gran V?a, 1','(91) 745 6200');
Insert into SUPERMARKET.CUSTOMERS (ID,NAME,ADDRESS,PHONE) values (116,'Jonas Bergulfsen','Erling Skakkes gate 78','07-98 92 35');
Insert into SUPERMARKET.CUSTOMERS (ID,NAME,ADDRESS,PHONE) values (117,'Jose Pavarotti','187 Suffolk Ln.','(208) 555-8097');
Insert into SUPERMARKET.CUSTOMERS (ID,NAME,ADDRESS,PHONE) values (118,'Hari Kumar','90 Wadhurst Rd.','(171) 555-1717');
Insert into SUPERMARKET.CUSTOMERS (ID,NAME,ADDRESS,PHONE) values (119,'Jytte Petersen','Vinb?ltet 34','31 12 34 56');
Insert into SUPERMARKET.CUSTOMERS (ID,NAME,ADDRESS,PHONE) values (120,'Dominique Perrier','25, rue Lauriston','(1) 47.55.60.10');
Insert into SUPERMARKET.CUSTOMERS (ID,NAME,ADDRESS,PHONE) values (121,'Art Braunschweiger','P.O. Box 555','(307) 555-4680');
Insert into SUPERMARKET.CUSTOMERS (ID,NAME,ADDRESS,PHONE) values (122,'Pascale Cartrain','Boulevard Tirou, 255','(071) 23 67 22 20');
Insert into SUPERMARKET.CUSTOMERS (ID,NAME,ADDRESS,PHONE) values (123,'Liz Nixon','89 Jefferson Way Suite 2','(503) 555-3612');
Insert into SUPERMARKET.CUSTOMERS (ID,NAME,ADDRESS,PHONE) values (124,'Liu Wong','55 Grizzly Peak Rd.','(406) 555-5834');
Insert into SUPERMARKET.CUSTOMERS (ID,NAME,ADDRESS,PHONE) values (125,'Karin Josephs','Luisenstr. 48','0251-031259');
Insert into SUPERMARKET.CUSTOMERS (ID,NAME,ADDRESS,PHONE) values (126,'Miguel Angel Paolino','Avda. Azteca 123','(5) 555-2933');
Insert into SUPERMARKET.CUSTOMERS (ID,NAME,ADDRESS,PHONE) values (127,'Anabela Domingues','Av. In?s de Castro, 414','(11) 555-2167');
Insert into SUPERMARKET.CUSTOMERS (ID,NAME,ADDRESS,PHONE) values (128,'Helvetius Nagy','722 DaVinci Blvd.','(206) 555-8257');
Insert into SUPERMARKET.CUSTOMERS (ID,NAME,ADDRESS,PHONE) values (129,'Palle Ibsen','Smagsloget 45','86 21 32 43');
Insert into SUPERMARKET.CUSTOMERS (ID,NAME,ADDRESS,PHONE) values (130,'Mary Saveley','2, rue du Commerce','78.32.54.86');
Insert into SUPERMARKET.CUSTOMERS (ID,NAME,ADDRESS,PHONE) values (131,'Paul Henriot','59 rue de Abbaye','26.47.15.10');
Insert into SUPERMARKET.CUSTOMERS (ID,NAME,ADDRESS,PHONE) values (132,'Rita M?ller','Adenauerallee 900','0711-020361');
Insert into SUPERMARKET.CUSTOMERS (ID,NAME,ADDRESS,PHONE) values (133,'Pirkko Koskitalo','Torikatu 38','981-443655');
Insert into SUPERMARKET.CUSTOMERS (ID,NAME,ADDRESS,PHONE) values (134,'Paula Parente','Rua do Mercado, 12','(14) 555-8122');
Insert into SUPERMARKET.CUSTOMERS (ID,NAME,ADDRESS,PHONE) values (135,'Karl Jablonski','305 - 14th Ave. S. Suite 3B','(206) 555-4112');
Insert into SUPERMARKET.CUSTOMERS (ID,NAME,ADDRESS,PHONE) values (136,'Matti Karttunen','Keskuskatu 45','90-224 8858');
Insert into SUPERMARKET.CUSTOMERS (ID,NAME,ADDRESS,PHONE) values (137,'Zbyszek Piestrzeniewicz','ul. Filtrowa 68','(26) 642-7012');
--------------------------------------------------------
--  DDL for Index CUSTOMERS_PK
--------------------------------------------------------

  CREATE UNIQUE INDEX "SUPERMARKET"."CUSTOMERS_PK" ON "SUPERMARKET"."CUSTOMERS" ("ID") 
  PCTFREE 10 INITRANS 2 MAXTRANS 255 
  STORAGE(INITIAL 65536 NEXT 1048576 MINEXTENTS 1 MAXEXTENTS 2147483645
  PCTINCREASE 0 FREELISTS 1 FREELIST GROUPS 1 BUFFER_POOL DEFAULT FLASH_CACHE DEFAULT CELL_FLASH_CACHE DEFAULT)
  TABLESPACE "USERS" ;
--------------------------------------------------------
--  Constraints for Table CUSTOMERS
--------------------------------------------------------

  ALTER TABLE "SUPERMARKET"."CUSTOMERS" ADD CONSTRAINT "CUSTOMERS_PK" PRIMARY KEY ("ID")
  USING INDEX PCTFREE 10 INITRANS 2 MAXTRANS 255 
  STORAGE(INITIAL 65536 NEXT 1048576 MINEXTENTS 1 MAXEXTENTS 2147483645
  PCTINCREASE 0 FREELISTS 1 FREELIST GROUPS 1 BUFFER_POOL DEFAULT FLASH_CACHE DEFAULT CELL_FLASH_CACHE DEFAULT)
  TABLESPACE "USERS"  ENABLE;
  ALTER TABLE "SUPERMARKET"."CUSTOMERS" MODIFY ("PHONE" NOT NULL ENABLE);
  ALTER TABLE "SUPERMARKET"."CUSTOMERS" MODIFY ("ADDRESS" NOT NULL ENABLE);
  ALTER TABLE "SUPERMARKET"."CUSTOMERS" MODIFY ("NAME" NOT NULL ENABLE);
  ALTER TABLE "SUPERMARKET"."CUSTOMERS" MODIFY ("ID" NOT NULL ENABLE);
--------------------------------------------------------
--  DDL for Trigger CUSTOMERS_TRG
--------------------------------------------------------

  CREATE OR REPLACE TRIGGER "SUPERMARKET"."CUSTOMERS_TRG" 
BEFORE INSERT ON CUSTOMERS 
FOR EACH ROW 
BEGIN
  <<COLUMN_SEQUENCES>>
  BEGIN
    IF INSERTING AND :NEW.ID IS NULL THEN
      SELECT CUSTOMERS_SEQ.NEXTVAL INTO :NEW.ID FROM SYS.DUAL;
    END IF;
  END COLUMN_SEQUENCES;
END;
/
ALTER TRIGGER "SUPERMARKET"."CUSTOMERS_TRG" ENABLE;

--------------------------------------------------------
--  DDL for Table SUPPLIERS
--------------------------------------------------------

  CREATE TABLE "SUPERMARKET"."SUPPLIERS" 
   (	"ID" NUMBER(*,0), 
	"NAME" NVARCHAR2(100), 
	"ADDRESS" NVARCHAR2(100), 
	"PHONE" NVARCHAR2(20)
   ) SEGMENT CREATION IMMEDIATE 
  PCTFREE 10 PCTUSED 40 INITRANS 1 MAXTRANS 255 NOCOMPRESS LOGGING
  STORAGE(INITIAL 65536 NEXT 1048576 MINEXTENTS 1 MAXEXTENTS 2147483645
  PCTINCREASE 0 FREELISTS 1 FREELIST GROUPS 1 BUFFER_POOL DEFAULT FLASH_CACHE DEFAULT CELL_FLASH_CACHE DEFAULT)
  TABLESPACE "USERS" ;
REM INSERTING into SUPERMARKET.SUPPLIERS
SET DEFINE OFF;
Insert into SUPERMARKET.SUPPLIERS (ID,NAME,ADDRESS,PHONE) values (159,'Bigfoot Breweries','3400 - 8th Avenue Suite 210','(503) 555-9931');
Insert into SUPERMARKET.SUPPLIERS (ID,NAME,ADDRESS,PHONE) values (160,'Svensk Sj?f?da AB','Brovallav?gen 231','08-123 45 67');
Insert into SUPERMARKET.SUPPLIERS (ID,NAME,ADDRESS,PHONE) values (161,'Aux joyeux eccl?siastiques','203, Rue des Francs-Bourgeois','(1) 03.83.00.68');
Insert into SUPERMARKET.SUPPLIERS (ID,NAME,ADDRESS,PHONE) values (162,'New England Seafood Cannery','Order Processing Dept. 2100 Paul Revere Blvd.','(617) 555-3267');
Insert into SUPERMARKET.SUPPLIERS (ID,NAME,ADDRESS,PHONE) values (163,'Plutzer Lebensmittelgro?m?rkte AG','Bogenallee 51','(069) 992755');
Insert into SUPERMARKET.SUPPLIERS (ID,NAME,ADDRESS,PHONE) values (164,'Nord-Ost-Fisch Handelsgesellschaft mbH','Frahmredder 112a','(04721) 8713');
Insert into SUPERMARKET.SUPPLIERS (ID,NAME,ADDRESS,PHONE) values (165,'Formaggi Fortini s.r.l.','Viale Dante, 75','(0544) 60323');
Insert into SUPERMARKET.SUPPLIERS (ID,NAME,ADDRESS,PHONE) values (136,'Exotic Liquids','49 Gilbert St.','(171) 555-2222');
Insert into SUPERMARKET.SUPPLIERS (ID,NAME,ADDRESS,PHONE) values (137,'New Orleans Cajun Delights','P.O. Box 78934','(100) 555-4822');
Insert into SUPERMARKET.SUPPLIERS (ID,NAME,ADDRESS,PHONE) values (138,'Grandma Kelly''s Homestead','707 Oxford Rd.','(313) 555-5735');
Insert into SUPERMARKET.SUPPLIERS (ID,NAME,ADDRESS,PHONE) values (139,'Tokyo Traders','9-8 Sekimai Musashino-shi','(03) 3555-5011');
Insert into SUPERMARKET.SUPPLIERS (ID,NAME,ADDRESS,PHONE) values (140,'Mayumi''s','92 Setsuko Chuo-ku','(06) 431-7877');
Insert into SUPERMARKET.SUPPLIERS (ID,NAME,ADDRESS,PHONE) values (141,'Pavlova, Ltd.','74 Rose St. Moonie Ponds','(03) 444-2343');
Insert into SUPERMARKET.SUPPLIERS (ID,NAME,ADDRESS,PHONE) values (142,'Specialty Biscuits, Ltd.','29 King''s Way','(161) 555-4448');
Insert into SUPERMARKET.SUPPLIERS (ID,NAME,ADDRESS,PHONE) values (147,'Refrescos Americanas LTDA','Av. das Americanas','(11) 555 4640');
Insert into SUPERMARKET.SUPPLIERS (ID,NAME,ADDRESS,PHONE) values (148,'Leka Trading','471 Serangoon Loop, Suite #402','555-8787');
Insert into SUPERMARKET.SUPPLIERS (ID,NAME,ADDRESS,PHONE) values (149,'Lyngbysild','Lyngbysild Fiskebakken 10','43844108');
Insert into SUPERMARKET.SUPPLIERS (ID,NAME,ADDRESS,PHONE) values (150,'Zaanse Snoepfabriek','Verkoop Rijnweg 22','(12345) 1212');
Insert into SUPERMARKET.SUPPLIERS (ID,NAME,ADDRESS,PHONE) values (151,'Karkki Oy','Valtakatu 12','(953) 10956');
Insert into SUPERMARKET.SUPPLIERS (ID,NAME,ADDRESS,PHONE) values (152,'G''day, Mate','170 Prince Edward Parade Hunter''s Hill','(02) 555-5914');
Insert into SUPERMARKET.SUPPLIERS (ID,NAME,ADDRESS,PHONE) values (153,'Ma Maison','2960 Rue St. Laurent','(514) 555-9022');
Insert into SUPERMARKET.SUPPLIERS (ID,NAME,ADDRESS,PHONE) values (154,'Pasta Buttini s.r.l.','Via dei Gelsomini, 153','(089) 6547665');
Insert into SUPERMARKET.SUPPLIERS (ID,NAME,ADDRESS,PHONE) values (155,'Escargots Nouveaux','22, rue H. Voiron','85.57.00.07');
Insert into SUPERMARKET.SUPPLIERS (ID,NAME,ADDRESS,PHONE) values (156,'Gai p?turage','Bat. B 3, rue des Alpes','38.76.98.06');
Insert into SUPERMARKET.SUPPLIERS (ID,NAME,ADDRESS,PHONE) values (157,'For?ts d''?rables','148 rue Chasseur','(514) 555-2955');
Insert into SUPERMARKET.SUPPLIERS (ID,NAME,ADDRESS,PHONE) values (158,'Norske Meierier','Hatlevegen 5','(0)2-953010');
--------------------------------------------------------
--  DDL for Index SUPPLIERS_PK
--------------------------------------------------------

  CREATE UNIQUE INDEX "SUPERMARKET"."SUPPLIERS_PK" ON "SUPERMARKET"."SUPPLIERS" ("ID") 
  PCTFREE 10 INITRANS 2 MAXTRANS 255 
  STORAGE(INITIAL 65536 NEXT 1048576 MINEXTENTS 1 MAXEXTENTS 2147483645
  PCTINCREASE 0 FREELISTS 1 FREELIST GROUPS 1 BUFFER_POOL DEFAULT FLASH_CACHE DEFAULT CELL_FLASH_CACHE DEFAULT)
  TABLESPACE "USERS" ;
--------------------------------------------------------
--  Constraints for Table SUPPLIERS
--------------------------------------------------------

  ALTER TABLE "SUPERMARKET"."SUPPLIERS" ADD CONSTRAINT "SUPPLIERS_PK" PRIMARY KEY ("ID")
  USING INDEX PCTFREE 10 INITRANS 2 MAXTRANS 255 
  STORAGE(INITIAL 65536 NEXT 1048576 MINEXTENTS 1 MAXEXTENTS 2147483645
  PCTINCREASE 0 FREELISTS 1 FREELIST GROUPS 1 BUFFER_POOL DEFAULT FLASH_CACHE DEFAULT CELL_FLASH_CACHE DEFAULT)
  TABLESPACE "USERS"  ENABLE;
  ALTER TABLE "SUPERMARKET"."SUPPLIERS" MODIFY ("PHONE" NOT NULL ENABLE);
  ALTER TABLE "SUPERMARKET"."SUPPLIERS" MODIFY ("ADDRESS" NOT NULL ENABLE);
  ALTER TABLE "SUPERMARKET"."SUPPLIERS" MODIFY ("NAME" NOT NULL ENABLE);
  ALTER TABLE "SUPERMARKET"."SUPPLIERS" MODIFY ("ID" NOT NULL ENABLE);
--------------------------------------------------------
--  DDL for Trigger SUPPLIERS_TRG
--------------------------------------------------------

  CREATE OR REPLACE TRIGGER "SUPERMARKET"."SUPPLIERS_TRG" 
BEFORE INSERT ON SUPPLIERS 
FOR EACH ROW 
BEGIN
  <<COLUMN_SEQUENCES>>
  BEGIN
    NULL;
  END COLUMN_SEQUENCES;
END;
/
ALTER TRIGGER "SUPERMARKET"."SUPPLIERS_TRG" ENABLE;
--------------------------------------------------------
--  DDL for Trigger SUPPLIERS_TRG1
--------------------------------------------------------

  CREATE OR REPLACE TRIGGER "SUPERMARKET"."SUPPLIERS_TRG1" 
BEFORE INSERT ON SUPPLIERS 
FOR EACH ROW 
BEGIN
  <<COLUMN_SEQUENCES>>
  BEGIN
    IF INSERTING AND :NEW.ID IS NULL THEN
      SELECT SUPPLIERS_SEQ1.NEXTVAL INTO :NEW.ID FROM SYS.DUAL;
    END IF;
  END COLUMN_SEQUENCES;
END;
/
ALTER TRIGGER "SUPERMARKET"."SUPPLIERS_TRG1" ENABLE;

--------------------------------------------------------
--  DDL for Table MEASURES
--------------------------------------------------------

  CREATE TABLE "SUPERMARKET"."MEASURES" 
   (	"ID" NUMBER(*,0), 
	"NAME" NVARCHAR2(50)
   ) SEGMENT CREATION IMMEDIATE 
  PCTFREE 10 PCTUSED 40 INITRANS 1 MAXTRANS 255 NOCOMPRESS LOGGING
  STORAGE(INITIAL 65536 NEXT 1048576 MINEXTENTS 1 MAXEXTENTS 2147483645
  PCTINCREASE 0 FREELISTS 1 FREELIST GROUPS 1 BUFFER_POOL DEFAULT FLASH_CACHE DEFAULT CELL_FLASH_CACHE DEFAULT)
  TABLESPACE "USERS" ;
REM INSERTING into SUPERMARKET.MEASURES
SET DEFINE OFF;
Insert into SUPERMARKET.MEASURES (ID,NAME) values (1,'kg.');
Insert into SUPERMARKET.MEASURES (ID,NAME) values (2,'liter');
Insert into SUPERMARKET.MEASURES (ID,NAME) values (3,'gram');
Insert into SUPERMARKET.MEASURES (ID,NAME) values (4,'pieces');
--------------------------------------------------------
--  DDL for Index MEASURES_PK
--------------------------------------------------------

  CREATE UNIQUE INDEX "SUPERMARKET"."MEASURES_PK" ON "SUPERMARKET"."MEASURES" ("ID") 
  PCTFREE 10 INITRANS 2 MAXTRANS 255 
  STORAGE(INITIAL 65536 NEXT 1048576 MINEXTENTS 1 MAXEXTENTS 2147483645
  PCTINCREASE 0 FREELISTS 1 FREELIST GROUPS 1 BUFFER_POOL DEFAULT FLASH_CACHE DEFAULT CELL_FLASH_CACHE DEFAULT)
  TABLESPACE "USERS" ;
--------------------------------------------------------
--  Constraints for Table MEASURES
--------------------------------------------------------

  ALTER TABLE "SUPERMARKET"."MEASURES" ADD CONSTRAINT "MEASURES_PK" PRIMARY KEY ("ID")
  USING INDEX PCTFREE 10 INITRANS 2 MAXTRANS 255 
  STORAGE(INITIAL 65536 NEXT 1048576 MINEXTENTS 1 MAXEXTENTS 2147483645
  PCTINCREASE 0 FREELISTS 1 FREELIST GROUPS 1 BUFFER_POOL DEFAULT FLASH_CACHE DEFAULT CELL_FLASH_CACHE DEFAULT)
  TABLESPACE "USERS"  ENABLE;
  ALTER TABLE "SUPERMARKET"."MEASURES" MODIFY ("NAME" NOT NULL ENABLE);
  ALTER TABLE "SUPERMARKET"."MEASURES" MODIFY ("ID" NOT NULL ENABLE);
--------------------------------------------------------
--  DDL for Trigger MEASURES_TRG
--------------------------------------------------------

  CREATE OR REPLACE TRIGGER "SUPERMARKET"."MEASURES_TRG" 
BEFORE INSERT ON MEASURES 
FOR EACH ROW 
BEGIN
  <<COLUMN_SEQUENCES>>
  BEGIN
    IF INSERTING AND :NEW.ID IS NULL THEN
      SELECT MEASURES_SEQ.NEXTVAL INTO :NEW.ID FROM SYS.DUAL;
    END IF;
  END COLUMN_SEQUENCES;
END;
/
ALTER TRIGGER "SUPERMARKET"."MEASURES_TRG" ENABLE;

--------------------------------------------------------
--  DDL for Table PRODUCTS
--------------------------------------------------------

  CREATE TABLE "SUPERMARKET"."PRODUCTS" 
   (	"ID" NUMBER(*,0), 
	"NAME" NVARCHAR2(100), 
	"PRICE" NUMBER(*,0), 
	"SUPPLIER_ID" NUMBER(*,0), 
	"CATEGORY_ID" NUMBER(*,0), 
	"MEASURE_ID" NUMBER(*,0)
   ) SEGMENT CREATION IMMEDIATE 
  PCTFREE 10 PCTUSED 40 INITRANS 1 MAXTRANS 255 NOCOMPRESS LOGGING
  STORAGE(INITIAL 65536 NEXT 1048576 MINEXTENTS 1 MAXEXTENTS 2147483645
  PCTINCREASE 0 FREELISTS 1 FREELIST GROUPS 1 BUFFER_POOL DEFAULT FLASH_CACHE DEFAULT CELL_FLASH_CACHE DEFAULT)
  TABLESPACE "USERS" ;
REM INSERTING into SUPERMARKET.PRODUCTS
SET DEFINE OFF;
Insert into SUPERMARKET.PRODUCTS (ID,NAME,PRICE,SUPPLIER_ID,CATEGORY_ID,MEASURE_ID) values (56,'Chai',18,136,2,4);
Insert into SUPERMARKET.PRODUCTS (ID,NAME,PRICE,SUPPLIER_ID,CATEGORY_ID,MEASURE_ID) values (57,'Chang',19,136,2,4);
Insert into SUPERMARKET.PRODUCTS (ID,NAME,PRICE,SUPPLIER_ID,CATEGORY_ID,MEASURE_ID) values (58,'Aniseed Syrup',10,136,3,4);
Insert into SUPERMARKET.PRODUCTS (ID,NAME,PRICE,SUPPLIER_ID,CATEGORY_ID,MEASURE_ID) values (59,'Chef Anton''s Cajun Seasoning',22,137,3,4);
Insert into SUPERMARKET.PRODUCTS (ID,NAME,PRICE,SUPPLIER_ID,CATEGORY_ID,MEASURE_ID) values (60,'Chef Anton''s Gumbo Mix',21,137,3,4);
Insert into SUPERMARKET.PRODUCTS (ID,NAME,PRICE,SUPPLIER_ID,CATEGORY_ID,MEASURE_ID) values (61,'Grandma''s Boysenberry Spread',25,138,3,4);
Insert into SUPERMARKET.PRODUCTS (ID,NAME,PRICE,SUPPLIER_ID,CATEGORY_ID,MEASURE_ID) values (62,'Uncle Bob''s Organic Dried Pears',30,138,8,4);
Insert into SUPERMARKET.PRODUCTS (ID,NAME,PRICE,SUPPLIER_ID,CATEGORY_ID,MEASURE_ID) values (63,'Northwoods Cranberry Sauce',40,138,3,4);
Insert into SUPERMARKET.PRODUCTS (ID,NAME,PRICE,SUPPLIER_ID,CATEGORY_ID,MEASURE_ID) values (64,'Mishi Kobe Niku',97,139,7,4);
Insert into SUPERMARKET.PRODUCTS (ID,NAME,PRICE,SUPPLIER_ID,CATEGORY_ID,MEASURE_ID) values (65,'Ikura',31,139,9,4);
Insert into SUPERMARKET.PRODUCTS (ID,NAME,PRICE,SUPPLIER_ID,CATEGORY_ID,MEASURE_ID) values (66,'Konbu',6,140,9,4);
Insert into SUPERMARKET.PRODUCTS (ID,NAME,PRICE,SUPPLIER_ID,CATEGORY_ID,MEASURE_ID) values (67,'Tofu',23,140,8,4);
Insert into SUPERMARKET.PRODUCTS (ID,NAME,PRICE,SUPPLIER_ID,CATEGORY_ID,MEASURE_ID) values (68,'Genen Shouyu',16,140,3,4);
Insert into SUPERMARKET.PRODUCTS (ID,NAME,PRICE,SUPPLIER_ID,CATEGORY_ID,MEASURE_ID) values (69,'Pavlova',17,141,4,4);
Insert into SUPERMARKET.PRODUCTS (ID,NAME,PRICE,SUPPLIER_ID,CATEGORY_ID,MEASURE_ID) values (70,'Alice Mutton',39,141,7,4);
Insert into SUPERMARKET.PRODUCTS (ID,NAME,PRICE,SUPPLIER_ID,CATEGORY_ID,MEASURE_ID) values (71,'Carnarvon Tigers',63,141,9,4);
Insert into SUPERMARKET.PRODUCTS (ID,NAME,PRICE,SUPPLIER_ID,CATEGORY_ID,MEASURE_ID) values (72,'Teatime Chocolate Biscuits',9,142,4,4);
Insert into SUPERMARKET.PRODUCTS (ID,NAME,PRICE,SUPPLIER_ID,CATEGORY_ID,MEASURE_ID) values (73,'Sir Rodney''s Marmalade',81,142,4,4);
Insert into SUPERMARKET.PRODUCTS (ID,NAME,PRICE,SUPPLIER_ID,CATEGORY_ID,MEASURE_ID) values (74,'Sir Rodney''s Scones',10,142,4,4);
Insert into SUPERMARKET.PRODUCTS (ID,NAME,PRICE,SUPPLIER_ID,CATEGORY_ID,MEASURE_ID) values (77,'Guaran? Fant?stica',5,147,2,4);
Insert into SUPERMARKET.PRODUCTS (ID,NAME,PRICE,SUPPLIER_ID,CATEGORY_ID,MEASURE_ID) values (78,'R?ssle Sauerkraut',46,163,8,4);
Insert into SUPERMARKET.PRODUCTS (ID,NAME,PRICE,SUPPLIER_ID,CATEGORY_ID,MEASURE_ID) values (79,'Th?ringer Rostbratwurst',124,163,7,4);
Insert into SUPERMARKET.PRODUCTS (ID,NAME,PRICE,SUPPLIER_ID,CATEGORY_ID,MEASURE_ID) values (80,'Nord-Ost Matjeshering',26,164,9,4);
Insert into SUPERMARKET.PRODUCTS (ID,NAME,PRICE,SUPPLIER_ID,CATEGORY_ID,MEASURE_ID) values (81,'Gorgonzola Telino',13,165,5,4);
Insert into SUPERMARKET.PRODUCTS (ID,NAME,PRICE,SUPPLIER_ID,CATEGORY_ID,MEASURE_ID) values (82,'Mascarpone Fabioli',32,165,5,4);
Insert into SUPERMARKET.PRODUCTS (ID,NAME,PRICE,SUPPLIER_ID,CATEGORY_ID,MEASURE_ID) values (83,'Geitost',3,158,5,4);
Insert into SUPERMARKET.PRODUCTS (ID,NAME,PRICE,SUPPLIER_ID,CATEGORY_ID,MEASURE_ID) values (84,'Sasquatch Ale',14,159,2,4);
Insert into SUPERMARKET.PRODUCTS (ID,NAME,PRICE,SUPPLIER_ID,CATEGORY_ID,MEASURE_ID) values (85,'Steeleye Stout',18,159,2,4);
Insert into SUPERMARKET.PRODUCTS (ID,NAME,PRICE,SUPPLIER_ID,CATEGORY_ID,MEASURE_ID) values (86,'Inlagd Sill',19,160,9,4);
Insert into SUPERMARKET.PRODUCTS (ID,NAME,PRICE,SUPPLIER_ID,CATEGORY_ID,MEASURE_ID) values (87,'Gravad lax',26,160,9,4);
Insert into SUPERMARKET.PRODUCTS (ID,NAME,PRICE,SUPPLIER_ID,CATEGORY_ID,MEASURE_ID) values (88,'C?te de Blaye',264,161,2,4);
Insert into SUPERMARKET.PRODUCTS (ID,NAME,PRICE,SUPPLIER_ID,CATEGORY_ID,MEASURE_ID) values (89,'Chartreuse verte',18,161,2,4);
Insert into SUPERMARKET.PRODUCTS (ID,NAME,PRICE,SUPPLIER_ID,CATEGORY_ID,MEASURE_ID) values (90,'Boston Crab Meat',18,162,9,4);
Insert into SUPERMARKET.PRODUCTS (ID,NAME,PRICE,SUPPLIER_ID,CATEGORY_ID,MEASURE_ID) values (91,'Jack''s New England Clam Chowder',10,162,9,4);
Insert into SUPERMARKET.PRODUCTS (ID,NAME,PRICE,SUPPLIER_ID,CATEGORY_ID,MEASURE_ID) values (92,'Singaporean Hokkien Fried Mee',14,148,6,4);
Insert into SUPERMARKET.PRODUCTS (ID,NAME,PRICE,SUPPLIER_ID,CATEGORY_ID,MEASURE_ID) values (93,'Ipoh Coffee',46,148,2,4);
Insert into SUPERMARKET.PRODUCTS (ID,NAME,PRICE,SUPPLIER_ID,CATEGORY_ID,MEASURE_ID) values (94,'Gula Malacca',19,148,3,4);
Insert into SUPERMARKET.PRODUCTS (ID,NAME,PRICE,SUPPLIER_ID,CATEGORY_ID,MEASURE_ID) values (95,'Rogede sild',10,149,9,4);
Insert into SUPERMARKET.PRODUCTS (ID,NAME,PRICE,SUPPLIER_ID,CATEGORY_ID,MEASURE_ID) values (96,'Spegesild',12,149,9,4);
Insert into SUPERMARKET.PRODUCTS (ID,NAME,PRICE,SUPPLIER_ID,CATEGORY_ID,MEASURE_ID) values (97,'Zaanse koeken',10,150,4,4);
Insert into SUPERMARKET.PRODUCTS (ID,NAME,PRICE,SUPPLIER_ID,CATEGORY_ID,MEASURE_ID) values (98,'Chocolade',13,150,4,4);
Insert into SUPERMARKET.PRODUCTS (ID,NAME,PRICE,SUPPLIER_ID,CATEGORY_ID,MEASURE_ID) values (99,'Maxilaku',20,151,4,4);
Insert into SUPERMARKET.PRODUCTS (ID,NAME,PRICE,SUPPLIER_ID,CATEGORY_ID,MEASURE_ID) values (100,'Valkoinen suklaa',16,151,4,4);
Insert into SUPERMARKET.PRODUCTS (ID,NAME,PRICE,SUPPLIER_ID,CATEGORY_ID,MEASURE_ID) values (101,'Manjimup Dried Apples',53,152,8,4);
--------------------------------------------------------
--  DDL for Index PRODUCTS_PK
--------------------------------------------------------

  CREATE UNIQUE INDEX "SUPERMARKET"."PRODUCTS_PK" ON "SUPERMARKET"."PRODUCTS" ("ID") 
  PCTFREE 10 INITRANS 2 MAXTRANS 255 
  STORAGE(INITIAL 65536 NEXT 1048576 MINEXTENTS 1 MAXEXTENTS 2147483645
  PCTINCREASE 0 FREELISTS 1 FREELIST GROUPS 1 BUFFER_POOL DEFAULT FLASH_CACHE DEFAULT CELL_FLASH_CACHE DEFAULT)
  TABLESPACE "USERS" ;
--------------------------------------------------------
--  Constraints for Table PRODUCTS
--------------------------------------------------------

  ALTER TABLE "SUPERMARKET"."PRODUCTS" ADD CONSTRAINT "PRODUCTS_PK" PRIMARY KEY ("ID")
  USING INDEX PCTFREE 10 INITRANS 2 MAXTRANS 255 
  STORAGE(INITIAL 65536 NEXT 1048576 MINEXTENTS 1 MAXEXTENTS 2147483645
  PCTINCREASE 0 FREELISTS 1 FREELIST GROUPS 1 BUFFER_POOL DEFAULT FLASH_CACHE DEFAULT CELL_FLASH_CACHE DEFAULT)
  TABLESPACE "USERS"  ENABLE;
  ALTER TABLE "SUPERMARKET"."PRODUCTS" MODIFY ("MEASURE_ID" NOT NULL ENABLE);
  ALTER TABLE "SUPERMARKET"."PRODUCTS" MODIFY ("CATEGORY_ID" NOT NULL ENABLE);
  ALTER TABLE "SUPERMARKET"."PRODUCTS" MODIFY ("SUPPLIER_ID" NOT NULL ENABLE);
  ALTER TABLE "SUPERMARKET"."PRODUCTS" MODIFY ("PRICE" NOT NULL ENABLE);
  ALTER TABLE "SUPERMARKET"."PRODUCTS" MODIFY ("NAME" NOT NULL ENABLE);
  ALTER TABLE "SUPERMARKET"."PRODUCTS" MODIFY ("ID" NOT NULL ENABLE);
--------------------------------------------------------
--  Ref Constraints for Table PRODUCTS
--------------------------------------------------------

  ALTER TABLE "SUPERMARKET"."PRODUCTS" ADD CONSTRAINT "FK_PRODUCTS_CATEGORIES" FOREIGN KEY ("CATEGORY_ID")
	  REFERENCES "SUPERMARKET"."CATEGORIES" ("ID") ENABLE;
  ALTER TABLE "SUPERMARKET"."PRODUCTS" ADD CONSTRAINT "FK_PRODUCTS_MEASURES" FOREIGN KEY ("MEASURE_ID")
	  REFERENCES "SUPERMARKET"."MEASURES" ("ID") ENABLE;
  ALTER TABLE "SUPERMARKET"."PRODUCTS" ADD CONSTRAINT "FK_PRODUCTS_SUPPLIERS" FOREIGN KEY ("SUPPLIER_ID")
	  REFERENCES "SUPERMARKET"."SUPPLIERS" ("ID") ENABLE;
--------------------------------------------------------
--  DDL for Trigger PRODUCTS_TRG
--------------------------------------------------------

  CREATE OR REPLACE TRIGGER "SUPERMARKET"."PRODUCTS_TRG" 
BEFORE INSERT ON PRODUCTS 
FOR EACH ROW 
BEGIN
  <<COLUMN_SEQUENCES>>
  BEGIN
    IF INSERTING AND :NEW.ID IS NULL THEN
      SELECT PRODUCTS_SEQ1.NEXTVAL INTO :NEW.ID FROM SYS.DUAL;
    END IF;
  END COLUMN_SEQUENCES;
END;
/
ALTER TRIGGER "SUPERMARKET"."PRODUCTS_TRG" ENABLE;

--------------------------------------------------------
--  DDL for Table ORDERS
--------------------------------------------------------

  CREATE TABLE "SUPERMARKET"."ORDERS" 
   (	"ID" NUMBER(*,0), 
	"QUANTITY" NUMBER(*,0), 
	"PRODUCT_ID" NUMBER(*,0), 
	"DISCOUNT" NUMBER(*,0)
   ) SEGMENT CREATION IMMEDIATE 
  PCTFREE 10 PCTUSED 40 INITRANS 1 MAXTRANS 255 NOCOMPRESS LOGGING
  STORAGE(INITIAL 65536 NEXT 1048576 MINEXTENTS 1 MAXEXTENTS 2147483645
  PCTINCREASE 0 FREELISTS 1 FREELIST GROUPS 1 BUFFER_POOL DEFAULT FLASH_CACHE DEFAULT CELL_FLASH_CACHE DEFAULT)
  TABLESPACE "USERS" ;
REM INSERTING into SUPERMARKET.ORDERS
SET DEFINE OFF;
Insert into SUPERMARKET.ORDERS (ID,QUANTITY,PRODUCT_ID,DISCOUNT) values (1,35,56,0);
Insert into SUPERMARKET.ORDERS (ID,QUANTITY,PRODUCT_ID,DISCOUNT) values (2,9,57,0);
Insert into SUPERMARKET.ORDERS (ID,QUANTITY,PRODUCT_ID,DISCOUNT) values (3,8,58,0);
Insert into SUPERMARKET.ORDERS (ID,QUANTITY,PRODUCT_ID,DISCOUNT) values (4,36,59,0);
Insert into SUPERMARKET.ORDERS (ID,QUANTITY,PRODUCT_ID,DISCOUNT) values (5,28,60,0);
Insert into SUPERMARKET.ORDERS (ID,QUANTITY,PRODUCT_ID,DISCOUNT) values (6,20,61,0);
Insert into SUPERMARKET.ORDERS (ID,QUANTITY,PRODUCT_ID,DISCOUNT) values (7,40,62,0);
Insert into SUPERMARKET.ORDERS (ID,QUANTITY,PRODUCT_ID,DISCOUNT) values (8,20,63,0);
Insert into SUPERMARKET.ORDERS (ID,QUANTITY,PRODUCT_ID,DISCOUNT) values (9,30,64,0);
Insert into SUPERMARKET.ORDERS (ID,QUANTITY,PRODUCT_ID,DISCOUNT) values (10,20,65,0);
Insert into SUPERMARKET.ORDERS (ID,QUANTITY,PRODUCT_ID,DISCOUNT) values (11,15,66,0);
Insert into SUPERMARKET.ORDERS (ID,QUANTITY,PRODUCT_ID,DISCOUNT) values (12,10,67,0);
Insert into SUPERMARKET.ORDERS (ID,QUANTITY,PRODUCT_ID,DISCOUNT) values (13,8,68,0);
Insert into SUPERMARKET.ORDERS (ID,QUANTITY,PRODUCT_ID,DISCOUNT) values (14,40,69,0);
Insert into SUPERMARKET.ORDERS (ID,QUANTITY,PRODUCT_ID,DISCOUNT) values (15,22,70,0);
Insert into SUPERMARKET.ORDERS (ID,QUANTITY,PRODUCT_ID,DISCOUNT) values (16,130,71,0);
Insert into SUPERMARKET.ORDERS (ID,QUANTITY,PRODUCT_ID,DISCOUNT) values (17,10,72,0);
Insert into SUPERMARKET.ORDERS (ID,QUANTITY,PRODUCT_ID,DISCOUNT) values (18,20,73,0);
Insert into SUPERMARKET.ORDERS (ID,QUANTITY,PRODUCT_ID,DISCOUNT) values (19,14,74,0);
Insert into SUPERMARKET.ORDERS (ID,QUANTITY,PRODUCT_ID,DISCOUNT) values (22,2,77,0);
Insert into SUPERMARKET.ORDERS (ID,QUANTITY,PRODUCT_ID,DISCOUNT) values (23,20,78,0);
Insert into SUPERMARKET.ORDERS (ID,QUANTITY,PRODUCT_ID,DISCOUNT) values (24,20,79,0);
Insert into SUPERMARKET.ORDERS (ID,QUANTITY,PRODUCT_ID,DISCOUNT) values (25,10,80,0);
Insert into SUPERMARKET.ORDERS (ID,QUANTITY,PRODUCT_ID,DISCOUNT) values (26,24,81,0);
Insert into SUPERMARKET.ORDERS (ID,QUANTITY,PRODUCT_ID,DISCOUNT) values (27,4,82,0);
Insert into SUPERMARKET.ORDERS (ID,QUANTITY,PRODUCT_ID,DISCOUNT) values (28,1,83,0);
Insert into SUPERMARKET.ORDERS (ID,QUANTITY,PRODUCT_ID,DISCOUNT) values (29,1,84,0);
Insert into SUPERMARKET.ORDERS (ID,QUANTITY,PRODUCT_ID,DISCOUNT) values (30,1,85,0);
Insert into SUPERMARKET.ORDERS (ID,QUANTITY,PRODUCT_ID,DISCOUNT) values (31,2,86,0);
Insert into SUPERMARKET.ORDERS (ID,QUANTITY,PRODUCT_ID,DISCOUNT) values (32,1,87,0);
Insert into SUPERMARKET.ORDERS (ID,QUANTITY,PRODUCT_ID,DISCOUNT) values (33,2,88,0);
Insert into SUPERMARKET.ORDERS (ID,QUANTITY,PRODUCT_ID,DISCOUNT) values (34,4,89,0);
Insert into SUPERMARKET.ORDERS (ID,QUANTITY,PRODUCT_ID,DISCOUNT) values (35,1,90,0);
Insert into SUPERMARKET.ORDERS (ID,QUANTITY,PRODUCT_ID,DISCOUNT) values (36,2,91,0);
Insert into SUPERMARKET.ORDERS (ID,QUANTITY,PRODUCT_ID,DISCOUNT) values (37,1,92,0);
Insert into SUPERMARKET.ORDERS (ID,QUANTITY,PRODUCT_ID,DISCOUNT) values (38,2,93,0);
Insert into SUPERMARKET.ORDERS (ID,QUANTITY,PRODUCT_ID,DISCOUNT) values (39,1,94,0);
Insert into SUPERMARKET.ORDERS (ID,QUANTITY,PRODUCT_ID,DISCOUNT) values (40,2,95,0);
Insert into SUPERMARKET.ORDERS (ID,QUANTITY,PRODUCT_ID,DISCOUNT) values (41,3,96,0);
Insert into SUPERMARKET.ORDERS (ID,QUANTITY,PRODUCT_ID,DISCOUNT) values (42,3,97,0);
Insert into SUPERMARKET.ORDERS (ID,QUANTITY,PRODUCT_ID,DISCOUNT) values (43,2,98,0);
Insert into SUPERMARKET.ORDERS (ID,QUANTITY,PRODUCT_ID,DISCOUNT) values (44,2,99,0);
Insert into SUPERMARKET.ORDERS (ID,QUANTITY,PRODUCT_ID,DISCOUNT) values (45,2,100,0);
Insert into SUPERMARKET.ORDERS (ID,QUANTITY,PRODUCT_ID,DISCOUNT) values (46,2,101,0);
--------------------------------------------------------
--  DDL for Index ORDERS_PK
--------------------------------------------------------

  CREATE UNIQUE INDEX "SUPERMARKET"."ORDERS_PK" ON "SUPERMARKET"."ORDERS" ("ID") 
  PCTFREE 10 INITRANS 2 MAXTRANS 255 COMPUTE STATISTICS 
  STORAGE(INITIAL 65536 NEXT 1048576 MINEXTENTS 1 MAXEXTENTS 2147483645
  PCTINCREASE 0 FREELISTS 1 FREELIST GROUPS 1 BUFFER_POOL DEFAULT FLASH_CACHE DEFAULT CELL_FLASH_CACHE DEFAULT)
  TABLESPACE "USERS" ;
--------------------------------------------------------
--  Constraints for Table ORDERS
--------------------------------------------------------

  ALTER TABLE "SUPERMARKET"."ORDERS" MODIFY ("DISCOUNT" NOT NULL ENABLE);
  ALTER TABLE "SUPERMARKET"."ORDERS" MODIFY ("ID" NOT NULL ENABLE);
  ALTER TABLE "SUPERMARKET"."ORDERS" MODIFY ("QUANTITY" NOT NULL ENABLE);
  ALTER TABLE "SUPERMARKET"."ORDERS" MODIFY ("PRODUCT_ID" NOT NULL ENABLE);
  ALTER TABLE "SUPERMARKET"."ORDERS" ADD CONSTRAINT "ORDERS_PK" PRIMARY KEY ("ID")
  USING INDEX PCTFREE 10 INITRANS 2 MAXTRANS 255 COMPUTE STATISTICS 
  STORAGE(INITIAL 65536 NEXT 1048576 MINEXTENTS 1 MAXEXTENTS 2147483645
  PCTINCREASE 0 FREELISTS 1 FREELIST GROUPS 1 BUFFER_POOL DEFAULT FLASH_CACHE DEFAULT CELL_FLASH_CACHE DEFAULT)
  TABLESPACE "USERS"  ENABLE;
--------------------------------------------------------
--  Ref Constraints for Table ORDERS
--------------------------------------------------------

  ALTER TABLE "SUPERMARKET"."ORDERS" ADD CONSTRAINT "FK_ORDERS_PRODUCTS" FOREIGN KEY ("PRODUCT_ID")
	  REFERENCES "SUPERMARKET"."PRODUCTS" ("ID") ENABLE;
--------------------------------------------------------
--  DDL for Trigger ORDERS_TRG1
--------------------------------------------------------

  CREATE OR REPLACE TRIGGER "SUPERMARKET"."ORDERS_TRG1" 
BEFORE INSERT ON ORDERS 
FOR EACH ROW 
BEGIN
  <<COLUMN_SEQUENCES>>
  BEGIN
    IF INSERTING AND :NEW.ID IS NULL THEN
      SELECT ORDERS_SEQ.NEXTVAL INTO :NEW.ID FROM SYS.DUAL;
    END IF;
  END COLUMN_SEQUENCES;
END;
/
ALTER TRIGGER "SUPERMARKET"."ORDERS_TRG1" ENABLE;
--------------------------------------------------------
--  DDL for Trigger ORDERS_TRG
--------------------------------------------------------

  CREATE OR REPLACE TRIGGER "SUPERMARKET"."ORDERS_TRG" 
BEFORE INSERT ON ORDERS 
FOR EACH ROW 
BEGIN
  <<COLUMN_SEQUENCES>>
  BEGIN
    NULL;
  END COLUMN_SEQUENCES;
END;
/
ALTER TRIGGER "SUPERMARKET"."ORDERS_TRG" ENABLE;

